backup_path,category,extension,size_bytes,sha256,sensitive,publishable,duplicate_of,target_tour,alt_text
Pakse city.mp4,video,.mp4,232230849,90cfce8367d5493c9a2a620189d20627e90279b9124ddc0e1c02dd9d88c2628e,no,yes,,,
Vat Phou Mekong Cruise from Heimo Aga.MP4,video,.mp4,96075345,2310b76705e5b7668ce683e1990b8a896b7a2087e4d5b30a7153897f3255cfd9,no,yes,,,
OneDrive-2018-07-18 (1).zip,archive,.zip,62933986,4f3238e26dafed7623c18e60a30bae115fa101dbd098bfc3b78e54330b46c8fe,no,review,,,
OneDrive-2018-07-18 (1)-d1ad59bb4fb84e6c8eecb8a46a44d8ec.zip,archive,.zip,62933986,4f3238e26dafed7623c18e60a30bae115fa101dbd098bfc3b78e54330b46c8fe,no,review,OneDrive-2018-07-18 (1).zip,,
20180320_094925.mp4,video,.mp4,61531370,e29ff7338489d871c5337e0acbd3f8215b901c99413b2d84504f3978229bed72,no,yes,,,
Southern Laos Promotional Video.mp4,video,.mp4,56318736,8d46137aab1a795648908d16e98578e6dc02b585a89191513be2bbade60d5093,no,yes,,,
Waterfall,image,(none),25319346,a94fa395f9b92dd1fd58d9ef0fa5e84ad73bdaf6a56dd73a5f4cee0f6627995e,no,yes,,,
Waterfall-fc1c8e1198be4ac7a2f5c7b9fe00685e,image,(none),24840653,df5cc89c8519731131763109112ea8e92f7738b85c2f470e096c28d9e4455372,no,yes,,,
Coffee plantation 1,image,(none),24635993,da3668298960d2cbcb2d9c4e8c469175c89ab91fb91d9676403919a3564d7e8a,no,yes,,,
Southern Laos Video,image,(none),23240213,43dd82f5d942b21f2274741c0ec95da7c608f7ff4ab01135290547826cfab806,no,yes,,,
Bamboo weaving in Champasak,image,(none),19451011,17f63fce767173a73e6c9c36901ca16e9f265805427b926e5fb74adf6a1e3985,no,yes,,,
Trekking in Bolaven Plateau 1,image,(none),17222404,8155f5d94f133eb6ae2e9f01df52573edd4a66c48478a20199b4ebe6ab37e16b,no,yes,,,
Trekking in Bolaven Plateau,image,(none),16403739,8508572a90fcaa05825e5ef175f2c46e0d859f8fb25607501949aa3c8ce81117,no,yes,,,
Jeep tour,image,(none),16136579,0aa58cf6537002d4c6f8ae8dc1ee8ea43c3412edeb7564c481f088a4e9717097,no,yes,,,
Tad Champee,image,(none),15655331,b9fd29acbaf910f109d9350002524a886b54c50b7d7b79995e5294a56955a5a7,no,yes,,,
2 days tour service.pdf,document,.pdf,15039943,5627e31ea2c48f26eb727d11e96dec6e9bfd2826ad43a653a4db70a37a4792a2,no,yes,,,
VPC-Boat-21.jpg,image,.jpg,14936744,7497ba7e5ef27eea7d8289e7f102b8381ab9c715ee93a1e2fed1660e7f07cebe,no,yes,,,
Wat Tomo temple,image,(none),14655882,efe2fdd526eef91d7b32efcb4938040326241b913cb195f02b7838c2f1e2d683,no,yes,,,
VPC-interior-1.jpg,image,.jpg,14237182,f56ae41bd9f8517e962b0a9d137f3e973818d74d395215eb8c2a6655c24bad8c,no,yes,,,
Trekking in Paksong,image,(none),13252128,d45ccb58ac3290130de478697c8c6519f5a76486639d77a64be9d21d62f7383a,no,yes,,,
VPC-staff-4.jpg,image,.jpg,11947280,788fb02c01dce0f0413010323fdeb6f0bae14b62d5d1fbb3e3ecff4871e85ca2,no,yes,,,
VPC-khong-pha-pheng-waterfall-7.jpg,image,.jpg,11717740,ae8c3a9483182cf221ea69a81be72e75e8cb14fc2960e71af0c54f4dc2bfc5dd,no,yes,,,
New update on 09 Nov 2019 (4 days 3 nights program in the Southern Laos).pdf,document,.pdf,11563114,70f87a9a7231c6196b7db45708b1da34747b3cfb15d544cd3a5719b061a72334,no,yes,,,
New update 4 days 3 nights program in the Southern Laos.pdf,document,.pdf,11562404,1056fb056646b42030027967159a77377447b89bd2109c06b2ef1efe069d2455,no,yes,,,
Tad Champee-2334f85cda5a4c8fb311de1b09fe8148,image,(none),10888159,41c7c872c5420cfa8f536477acf8236b6d77ae13d010066d4699649c275dc4f6,no,yes,,,
Trekking,image,(none),10306316,a6b6a7913f5bb786a7c23c9ca5e62fe87c73ea554ff2d872cbc6c9f2e46bc28b,no,yes,,,
Pottery in Champasak,image,(none),9618065,7c77895aab80b49b3a44c4bc20ea99c3e9fa886ed8152b7cf61560c06c8729cf,no,yes,,,
VPC-Boat-9.jpg,image,.jpg,8838865,65d2cb13daee1e84c1d5869561d0850fe4e9e25fb19d8d3e55c8cdd3e2efee00,no,yes,,,
VPC-Boat-9-eae136371aa14819b78ebac5117b765a.jpg,image,.jpg,8838865,65d2cb13daee1e84c1d5869561d0850fe4e9e25fb19d8d3e55c8cdd3e2efee00,no,yes,VPC-Boat-9.jpg,,
Homemade bread (Pakse Burger66),image,(none),8719668,c0d028e4ad8eef0d5fbc50b873aa1378c08c518b316385555b66da215df54985,no,yes,,,
Ethnic minority,image,(none),8430421,b520fbd31b66d18f089f5b077b3d5d220dbab34e9da6d8a4dc28d04bccb2cbb7,no,yes,,,
Jeep to the volcano,image,(none),8418555,96404f0b4dd3acadab805dc97e598e53cca25b779739259e60cdffefb3fa19f5,no,yes,,,
DSC_2730.JPG,image,.jpg,8398384,b7f3518e6d13fb89ebfb16d2fc7290258d6c82dd87974b567cc70398edcfbc9f,no,yes,,,
Bolaven Plateau,image,(none),8331967,18a392a4bc1c2b02f582029443dfa3f2bae75da28776f125f236c09f1ed1d605,no,yes,,,
BOLAVEN 2 DAYS + 1 NIGHT.pdf,document,.pdf,8210915,5b70fc6ea1e7f82226c4764517b0ea103890b46e98cd67d2a172a20f48394781,no,yes,,,
-21.jpg,image,.jpg,7978776,7f50e5ad0d78adbf7c3d24af1766130a54d91940236f980e5363560ec9aa4445,no,yes,,,
Dan Sinxai in Bolaven Plateau 2,image,(none),7488283,ff77f30ae39b993e7a177a0ea03ddea0173348ec042f0435bc0b38ab91289b27,no,yes,,,
20180617_120235.jpg,image,.jpg,7450142,bfbd782896edde1157c81f23f35d1c84ecc48cdc03bfd27f2f698eabfde87607,no,yes,,,
20180614_115000.jpg,image,.jpg,7262295,1fa8ee01a30a289137d195a03376725a09489f4dbf54e2b7ec6f4506e0d445f5,no,yes,,,
VATPHOU FULL DAY.pdf,document,.pdf,7207938,32fcb1782b20deabab1bc5392b56fc9200a27d4e71b7ed4e77f05e716c2d0992,no,yes,,,
Khonepasoiy,image,(none),6938814,f351697c5767ef6efed2e228e9d56afbb74d6c43660a283d6844be4376345497,no,yes,,,
Tad Fan,image,(none),6905543,30ba5f28ed3f2193bd580637368925c364547c8739bdab0ba8a05ca19a5fa317,no,yes,,,
20180615_110436.jpg,image,.jpg,6798154,ee40cc798c83a290212534ccf806e4adc5657a149811bc31e6caf410707bd64e,no,yes,,,
Dan Sinxai in Bolaven Plateau,image,(none),6502635,c6255fbac557df4fc3fb36628e6fb3d5b56e3fbec8a6203e5662f9e4c68effa0,no,yes,,,
Dan Sinxai in Bolaven Plateau 4,image,(none),6427791,99461cee12353e88afbb89dfe7716c6f0552181c423e46e5100171b180567e49,no,yes,,,
Don Falang,image,(none),6407690,65afb93563f4bf3a2a10c6422b65a772dcfb79233c4a311ede05a86cdcd5b052,no,yes,,,
Dan Sinxai in Bolaven Plateau 3,image,(none),6280877,dc0fdbe9a95b9f61e29962f9053c99084d7f39bccf0e5b239b7493d220a255e7,no,yes,,,
20180511_131412.jpg,image,.jpg,6244393,d8c8ee5965d0b6784374a3be0edabf882c1ef96a1b0caf3d7e7a16fb95414a7d,no,yes,,,
20160918_131609.jpg,image,.jpg,6129533,35514397f9863254afc813ca7c8c00ebc7ede92feb11dcddad0dd5709ab5071f,no,yes,,,
20180221_130349.jpg,image,.jpg,6122151,cef7fb8b2ed3d671f095a8c80fafab17813a8ef12bec636c7132782abf1c3d20,no,yes,,,
Lao Nippon Bridge Pakse,image,(none),6115520,7c01032575c7cecfcb557499cd2bd8c557b45be396e978cae2017ebebe1ec99b,no,yes,,,
Dan Sinxai in Bolaven Plateau 5,image,(none),6052169,73ab189487949799dd4d0d40c5ea91fd203586e5b696ab7f0d27c5a9b96cbd5a,no,yes,,,
Done Falang,image,(none),5945335,4da2fa7e2723bdae68cad83b1c3c5c566b5d1d13c2ec5e94e758911a1a18a875,no,yes,,,
Liphi waterfall,image,(none),5940290,5d91a46586dbef5ae02ca1b633a3132d0c204ecf89d6b2d82860a6459a3ba61c,no,yes,,,
20180511_091522.jpg,image,.jpg,5895043,f9b998e1ed9f49d07b6b1f82a240a9f5f0db53ce003aa7b79e39f94c5c7c3475,no,yes,,,
20180511_091521.jpg,image,.jpg,5855093,b361a06a1bcf29835a5a9107e5bd191bce69df90e4a8bd27f22633aebbe7cc99,no,yes,,,
Vatphou temple,image,(none),5854495,01f46e3d3cf4b69e8fb111451b54e043f89fc3b68c032c36cf8a82280c8878c6,no,yes,,,
Farmer's house.jpg,image,.jpg,5765771,b87d1beb8ac0314881c68720c43d1f218921764c089e11e9dc2f6a56de8216bc,no,yes,,,
20180221_135202.jpg,image,.jpg,5710275,c27e234af1428e7b2ce74c8b23716026c03ea75900cb578599a5d40f381afe00,no,yes,,,
-9.jpg,image,.jpg,5613496,df1ce1b80ffda2bd851f1faed98dc6656282b69cb6bb980ffa4244d0d675e0ee,no,yes,,,
20180511_091519.jpg,image,.jpg,5522275,29ac7ecbd3dd9d25d9cf4a6f6406bc118a0d09e4cbef32d96ceda728e2df8688,no,yes,,,
20180221_135204.jpg,image,.jpg,5464172,c73a825ea780698ad7a65ba35dc1b9eaf56ca2dda86c57f420ba2ccd0edd9fa0,no,yes,,,
P1020280.JPG,image,.jpg,5453882,6133d3e22ff2b034815005c4328fb236cfc2bb8ab0c9c991df585685d44033ad,no,yes,,,
Coffee picking,image,(none),5442985,006aa5af1cc1f4fd20263d8a8894b67f7d1fa583da037cf0828103cf75a0202d,no,yes,,,
Local ferry,image,(none),5438762,9f175b5f5d8086fb16897ed418e27b23b268040623345cacbf2f3eff6a7a3d41,no,yes,,,
20180221_135206.jpg,image,.jpg,5407715,822208a1e7151cd001fce5ff16620b83cea93a1cbe7316effa7989119031cb75,no,yes,,,
Pakse Hotel Sky2.png,image,.png,5370094,ee5f55a025cff03bf5d2206fb56f213b6edd05b8526095d94b9065d7c7bdf495,no,yes,,,
Prasat Hong Nang Sida,image,(none),5293345,79c3c771afb02604f562fdafc28edd8b43a80f2c684f6559f7b131f8c5566b64,no,yes,,,
20180616_134104.jpg,image,.jpg,5164090,32b11ac62ee202fa672cd8b74cc4976dbe8915c589c11abb8bb627f7e1343b05,no,yes,,,
20180616_134104-2e06fe276153405abdfa77eb2c14e25f.jpg,image,.jpg,5164090,32b11ac62ee202fa672cd8b74cc4976dbe8915c589c11abb8bb627f7e1343b05,no,yes,20180616_134104.jpg,,
4000_ÎLES_1_JOURNÉE.pdf,document,.pdf,5136820,3033531d71e1712bd10745b531c8fc9b9f1f4de4a38df5f7b934a51968006ecd,no,yes,,,
Tad Champee-478b8aa4154e48a496d27e49adb6791d,image,(none),5097431,ac68edf79431873d4f1d063d8228f282c82e08542fc0587859302688dfda0d0e,no,yes,,,
Tad Khamued,image,(none),4998780,087f6d8e113c8fe64c2c56f585ccd43adbd863a6fd27f9b517ebd7099ad1d155,no,yes,,,
20180325_175328.jpg,image,.jpg,4958457,6c201d6c822a3afd7b2fc2ea30cdc058d31f96ff9b1e401bfd0cc53acd259f47,no,yes,,,
Watphou temple,image,(none),4858459,7262446f31212b7f5ee1a234dc594e32d777e61c416f7c06401199e02a692111,no,yes,,,
20180320_074048.jpg,image,.jpg,4742288,2e848bf62e089197485f95e22e60847740f0a151a3bf385ea6bf9ca49fdd4702,no,yes,,,
20180320_074050.jpg,image,.jpg,4687204,930503e3187fdd5f00097bb6e78aab6386ace92f72a854a546b079d7250971e9,no,yes,,,
CC1971 coffee in Bolaven Plateau,image,(none),4645115,3c5d25735bf76c69d6cf32fc085beba12aaa74ce14d61e7069b05c3b41fce7ac,no,yes,,,
20180320_074102.jpg,image,.jpg,4604011,6d7098a42ef446dccb1163453339c13bcbfb17a4e5628a51bce1d49929f53e70,no,yes,,,
20180507_200227.jpg,image,.jpg,4594533,372aa3919d2989a7b25eec6a0a31073c86e3cf88b441224239b1a20d7371a9bf,no,yes,,,
P1030374.JPG,image,.jpg,4563775,4c019f98ebb51fb85484f31692baf26938a3600e6b109aee189d8aabe7c0458d,no,yes,,,
20180221_130456.jpg,image,.jpg,4551445,7946f86596e01214a5e6c589673fdb65fee2176be8b55ab205d70b96cc5660aa,no,yes,,,
Volcano in Bolaven Plateau 4,image,(none),4442615,d974ead33c1816bf88ca853114374f666ad85666398bedbaa14c7a054e730e0d,no,yes,,,
4000 ISLANDS TWO DAYS+VATPHU.pdf,document,.pdf,4437788,2f535e912097ea5c800a856adc09a3c730ca8686e0fd2d061e7e80d3da2b8269,no,yes,,,
20180511_181955.jpg,image,.jpg,4437671,34bd52d3620cb77222e1aef8ef94e907479ff3129c29a08b3bacb0dfc07765b1,no,yes,,,
Dao Hueang market in Pakse,image,(none),4203369,bbf8ad00ae6a8b4d17421d9989cba46c73869f238b59df3b77f24c0eb27e8adb,no,yes,,,
89668a2a-a0e1-4cb2-bd80-18ef06d62f3a.png,image,.png,4202201,913af62a93dce40aebd4cd6739fb04506a4338f6ac982fe85e8888c567758a1b,no,yes,,,
6cae3d5d-7298-4eef-b648-783eabd453c0.png,image,.png,4202201,1dfb380bc6058f8015f142f380b045623ad65fe1bfb024a0a39c26a66ac18667,no,yes,,,
9e006534-837a-4b23-b86e-a99d5395b4ab.png,image,.png,4202201,2caa8ddf2e87cf132f52665af0d082b733e880a67b03e48a2709a61da8fc36b6,no,yes,,,
d53e3485-0135-4024-9189-b22519980fab.png,image,.png,4202201,5a104f71a8712194bcaf6daa46f39df4d0c1d46cd1d1660190c6da14993847cb,no,yes,,,
547a0f3f-f3a6-4df7-98a0-03898da83a73.png,image,.png,4202201,15c3076648453abd9dd42251a78f89fcc1d2a27032977991072b8072a234efdb,no,yes,,,
49a09b1a-2125-410a-a99d-6cff2107e330.png,image,.png,4202201,f53b366c123a52e467425b9f38d34bfd57a3504522b1b16e93614fcc1c1b115e,no,yes,,,
def6f2d4-0cf7-4e3f-ac9f-3bbc69f330fc.png,image,.png,4202201,4a8f5b82bf8c0ce9eb59057e2eb12129d95e5300c074a94ae3ca6a702c6ddf48,no,yes,,,
Dan Sinxai in Bolaven Plateau 1,image,(none),4159712,a46d745d1888486e0218c8b5375a80d10681f3c5ded51e4d1ebeaaaeec2a2621,no,yes,,,
Bolaven Plateau-a38dd41fa7604799b1e4bb620f317e83,image,(none),4122446,8544a8cace4a52071854268f7180685fb0fa0b547d15df3721c185c97c4ac265,no,yes,,,
Don Khon,image,(none),4005453,d3cb4690098f2996534193c7f3543b4f5d4e2f78a86d0bce05a5589ee61c4c0f,no,yes,,,
Hong Nang Sida,image,(none),3996804,e887b8714b8fc8ae66321a7736d1d24966c52c6c2c5ee04262b7d760dc3cf0de,no,yes,,,
Car service 4 days.pdf,document,.pdf,3996136,2cc6dc4e5fc54479f7428c2ced028e4252a53f46c7d6d9b68e326ccdfd7d1706,no,yes,,,
Car service 4 days-7c9790014c50488794d4ef56d6af1f4f.pdf,document,.pdf,3996136,2cc6dc4e5fc54479f7428c2ced028e4252a53f46c7d6d9b68e326ccdfd7d1706,no,yes,Car service 4 days.pdf,,
20180604_181313.jpg,image,.jpg,3894350,0c89d22f45bd96af8e8e07fabc0d27c1dfaafc7e5dff0b43f1d49790742278a4,no,yes,,,
Liphi,image,(none),3886005,c32d21cecfc87f4d28c13b8cda4e06fd0237837fd762bf851e5f9b67dc271dec,no,yes,,,
Lao girl,image,(none),3846020,b4f57ca5078488fb5b4a38e1b8d3258e20b6e3617c11f954d0c2766332a2c764,no,yes,,,
lao girl.jpg,image,.jpg,3846020,b4f57ca5078488fb5b4a38e1b8d3258e20b6e3617c11f954d0c2766332a2c764,no,yes,Lao girl,,
20180320_074027.jpg,image,.jpg,3780078,7bbaffb55c4d3719bfc65f9b1ff7712d6e23ac9ec5d7f40b6af27254dac6fd94,no,yes,,,
20180510_160651.jpg,image,.jpg,3773804,480a921268e6b814e42e35eea19b228e1c183f0d5ae05c86453b88595099f281,no,yes,,,
Tea in Bolaven plateau,image,(none),3725923,f5a5bfe5a67765bcfac14b24810098cc38b0ee1bf1e6727aeb226ced01c24da4,no,yes,,,
20180604_181310.jpg,image,.jpg,3677692,6c434206958b3b8a9c94b8b365e58aa5df2d5224e1e80e7ded32f7b9f4637f65,no,yes,,,
20180510_162321.jpg,image,.jpg,3660859,308cd506332dceb2a729fb019c7170c4187dbe9d99471908ea58aec1de9b2c8e,no,yes,,,
20180510_162319.jpg,image,.jpg,3542960,e68b5a1e35768ac8c7d64ef26051a388d69566e1fa7c36f995299a584c422f4b,no,yes,,,
Fisherman in Champasak,image,(none),3527639,84a3671d2568922c363af6f160fa563e476a3f958158f5f450e8c57d08efca68,no,yes,,,
Pakse hotel breakfast,image,(none),3515908,9e3568def7ab6ce17c7b8f53409525a75de725b906dce540f715934df244a7b6,no,yes,,,
20181018_130103.jpg,image,.jpg,3496750,48a5602ce9b0f74d675aa64e597f61e268e789a1cafc7ab8adb5617e861fc196,no,yes,,,
Tad Yuang waterfall,image,(none),3444300,66019b7dac95bf518a89537c33184182a49dd212c27149b3772b78c670e5ec1e,no,yes,,,
20180523_174825.jpg,image,.jpg,3408061,7e59e2b7c52d87e9aef39a9e653839c164ce3ccf7af5fb861bed9aa8bb72aa24,no,yes,,,
Jhai coffee 1,image,(none),3317621,385b5b9ae1136c59fe9d9ac09992b966cfe27db124a474c2ac9d20ec32ee5b09,no,yes,,,
Khonephapheng 1,image,(none),3311210,1e80db8338a363ac358bd2b6d8d6ecbd42dfb2ec81ee114ba683bd6abb1bd549,no,yes,,,
20180523_182752.jpg,image,.jpg,3254060,ba9f781ddce3b22ee6c61ce4298f5819434f2853c6b6edee3ae121036e35d029,no,yes,,,
20181019_095937.jpg,image,.jpg,3225737,8adad60b9444ce13f2564c26952b7eb87caf3062b2bc30fc2f13adfbd6cb812d,no,yes,,,
Coffee in Bolaven,image,(none),3158925,ed5eb3b0751a2d4c8eb9030a84eee4ab03ff4e2cb96e2ac2428e922bc6ca9580,no,yes,,,
bbfb48cc-d0f7-4570-a971-96c0e58e53bf.png,image,.png,3147861,cb81d9141758fc6bdd558a6b080505aecb13f338546152684ca2e7a087389d25,no,yes,,,
d469ac4d-fc74-4a49-bfca-e6adb7413da5.png,image,.png,3147861,3d6a2ebfa18e11492cc55dca9116b5c93befd954890eb30b16915d4652d4e64f,no,yes,,,
c395d2bd-075c-4952-a96f-b95beb98826d.png,image,.png,3147861,57c4a5b25718874f36a39b4a19fdb4626e04bd3c717cd24bbc0c5ae36c260a83,no,yes,,,
de2f50f3-ed69-4b9e-9569-048ce3d7b48f.png,image,.png,3147861,ec51fc5090256b2af43caa1771897e316728e1e95d5c7e33099bc5c2456c23c7,no,yes,,,
985ead91-5b2b-4dfe-9197-e18de442aede.png,image,.png,3147861,8ff0247cc2c35fe6747d3fd58e434828182cd5b8f7b2ff1f2436e968001060e7,no,yes,,,
3d16c2fd-449d-4442-8c36-c9491330c86d.png,image,.png,3147861,2ef1d970d016fe0c0e03f516d6f8876b11c3fe62424e185e73d21c66eb06d47b,no,yes,,,
ec67fb81-2260-487e-8016-1420bb817ff1.png,image,.png,3147861,ba68e186b85f67e3aeb7a0657d78aa19cec42b3d6fa751e15492d6d51b191275,no,yes,,,
9595d206-8b48-403c-9077-3a0863c7c587.png,image,.png,3147861,f8405314cf1268dbc676a7fb3158fd22e65de53e99a5de19769f33722eaa2e3b,no,yes,,,
a4f30464-c5f7-48b9-9e9e-793d6c84bb57.png,image,.png,3147861,7b5e00d33a02f71c3c5eb3135edd12ddcd868492d2335b90e30d49168be42944,no,yes,,,
027d218e-34fd-42dd-931c-fc9d32f822b9.png,image,.png,3147861,6ed683afce08ea47697e7018d7766632c115a097d63830c3e3f4b0f7586e61ee,no,yes,,,
2b58908e-f2cc-406f-969a-93635733bcee.png,image,.png,3147861,c3b941a65d7cca334f38d64c2bba9d3f0cad91b715dbc0df0eb7c08dfd410e6c,no,yes,,,
b2a9ad5d-4eda-4a32-a550-50a8f06afa54.png,image,.png,3147861,1cd8146bb94134cbf9543be63af777eacf978d3cfc9da34d679b8d53751723cf,no,yes,,,
269d60d8-2f91-4928-92ce-d4d2a8de1a1b.png,image,.png,3147861,99c9d6116679b983399d5c068e6957791d6c882f968e8e9bde9a23aa55bcb967,no,yes,,,
a6c30bf7-2228-4b27-acc5-321aa40861cb.png,image,.png,3147861,104d4a0c5bf5336717f23f826ab9f04c24d6053732e30901dbb3b45b81e63c31,no,yes,,,
103bab65-70e7-4500-aa69-5c4789dce2c5.png,image,.png,3147861,cb1f78d82ec3afe49f7ce20d2ebba812b1dcf2ba3e256ac35c135472a61e2cae,no,yes,,,
033b6f7c-beef-40a9-bc18-8b8eabdd66ca.png,image,.png,3147861,ff8f953af470c748360ccc56f0483c96201af57b34489463ebb266ff2a364183,no,yes,,,
f6924c0f-4372-428c-bd39-820b8128f6e3.png,image,.png,3147861,25469c742d64a1db80df80763523c78b0344f24503a3ccd4b7a25387a8207a67,no,yes,,,
da68b706-fc0e-4fbb-b348-06e3d54227c1.png,image,.png,3147861,85b2083c9076c6915e01314994f98c35819926e820b73a59082039783ed8b326,no,yes,,,
f8d844e5-1c58-4493-ae48-1175c872e5a8.png,image,.png,3147861,ca283e3c3a4e23f271c1d465cb8dece1eb136c780d7d0c3d3153505d6a47a11b,no,yes,,,
c78d1079-4bb9-4361-a4a6-eeb989451ace.png,image,.png,3147861,d33e7f8636a8acf5e5afec7943cabc56110fb8676b80195b699dbf768c309863,no,yes,,,
850ed2e4-9ef8-4827-ac85-e236c352461a.png,image,.png,3147861,b33a8bb42466e5f40bc7be3769f94e1152b365f07f8a8c2d6c84c05880173857,no,yes,,,
4d29704c-c772-4f34-96ee-d00ea8a7000f.png,image,.png,3147861,548ce15beb30c94888379267b90cdfbf219c30ec38c558746a2aba1d2b68c6da,no,yes,,,
d14f9f32-1858-4a66-b6fc-df0e4786a01c.png,image,.png,3147861,d3c01a194beb92f47d08190c95671c68226d408f26b9df60676f30be875f3b6c,no,yes,,,
807bfe1f-025c-447f-9a37-e694e87d5f14.png,image,.png,3147861,f9bac0f576e0684b3d4063c9928b542ede3429f6c7d19329f8b3fcfe65c9d37a,no,yes,,,
4bec17d9-e97d-4a98-a0e2-7dcbb36fbe02.png,image,.png,3147861,be0c9f77fe4e954a7ab8d1d29625cba022817444efdae1ce12fc84e199d6b815,no,yes,,,
604ad303-2008-4e8b-b753-fad470f3d2ba.png,image,.png,3147861,a0d1030bb3b63968c8dda90bcbbda8b31697efb718b7fe4a458cdf2c92c93f01,no,yes,,,
d155a800-ad65-4407-8b0c-d517a5255c4e.png,image,.png,3147861,5098f932ec601a33bfc78f3066a3bac9414be8f519d5bc25ffdb09a8c6c5b8ee,no,yes,,,
5ac4bf2d-77c5-44ea-bc87-52966b544997.png,image,.png,3147861,941fbe215c31b0c970b18603f85b9213f71812c82f5ad7f5b690c98b9a29a0d5,no,yes,,,
4387032c-eaed-4a55-bcc9-7e0fce7d3551.png,image,.png,3147861,1988385c57aff6f42220f8e4b939381e513b0887253276e462222c351b5daca5,no,yes,,,
e4ac973e-a8af-4de2-9031-5bf9a7ca50e9.png,image,.png,3147861,7444bee6941713ab314cca143067bae119e7414b624828f742edd3fa8d4c13fb,no,yes,,,
8a156fa7-1f5a-467b-afb0-9bd004064949.png,image,.png,3147861,5b8b2d8905cbfd9bae7ea20898a26f2511dbfcb8998cdbaca177af4c4c455f32,no,yes,,,
b62cb260-7a13-4e75-8784-9ca144b4ebfa.png,image,.png,3147861,ec05f21fba0d9df3d925c27fa6902b40f4899f9dee0a6e7f1986f7c8edca0f80,no,yes,,,
07d3b4e9-9d0b-4c83-a03a-2e5fbd293f6c.png,image,.png,3147861,15257abe9f9a98d71dbeda32abb4667a452286a39756b28b700adb2a85e47806,no,yes,,,
27bc9bee-73f0-4f44-a2aa-bacdd684f23b.png,image,.png,3147861,4feeb6bc046c85f64363c5764c34481049f8eab56255a736a8f6204faf7c7485,no,yes,,,
0d6c5ce2-a85c-48f3-bb93-b840397690fd.png,image,.png,3147861,35f08bd99ef3e23cb55e32e65b0b3cd9b11b1310d4076bb8ecce2eed95231a50,no,yes,,,
a59a9a06-d164-409d-afaa-82ae48bfa4c1.png,image,.png,3147861,828cf6cd8c0a33812269650a24c0cea4b0496a9139cc6dcc9db3a6cd38cd5fb6,no,yes,,,
f33aaa55-d229-44fc-8c30-ce55dc3c446e.png,image,.png,3147861,1fdbde065764fd0d9d2e75d07e017bed66eff9826d1d312ff3d04e1b4e14d1d1,no,yes,,,
a738f77c-fcd3-4488-9dd5-ea0e3c98a68a.png,image,.png,3147861,82541f99f082884062017c5aac285484be9f2518159925a3ee6b29560d08c198,no,yes,,,
25c1bd32-3064-4d84-ac91-072a56866739.png,image,.png,3147861,3da45b09b741afde7619c1cec0feb14be3adcab7a76e34814602d88b7803bffc,no,yes,,,
f73217e2-5ecd-4d83-9ab4-f0f31efa1feb.png,image,.png,3147861,5a54de0eede91a1067bf0e314ce8b3279630b0c7e37667a6856927ac800eb358,no,yes,,,
ebb3da2b-a857-4087-99a0-9b674a564847.png,image,.png,3147861,d7ace0e2f3ce424dca2abbe4210eac0d6e7901d38ea3c70a898425775648cd2a,no,yes,,,
4302ab2a-55c4-4ed6-985a-0982bf6fb2cb.png,image,.png,3147861,b427e9c73c0c91eb5d85a536cff4ca0306aedbd710c6125ba64adaec647f22b8,no,yes,,,
6d0cbedc-25ad-4198-9ec9-3c63b7ae26e7.png,image,.png,3147861,4747da2c5a01f647342dd38bb7311b242f035431f9160caaba891edebf4a0538,no,yes,,,
861cac13-3d54-4cdd-9ff8-2471fbca0890.png,image,.png,3147861,901e6555f408e220c580e4cbcfc5e131379084b5032db2a60daacc3309ed30fe,no,yes,,,
0dc869ba-3215-469e-a974-799b9e8e621c.png,image,.png,3147861,28d22ca11b4aac84c936225582d8eb54509ac8e43b99abc816ab23d2600698f5,no,yes,,,
e87b9fce-2fac-4033-9317-ce4f83840476.png,image,.png,3147861,5b05561df8f39cd78c6e63c9f4da03668a7629970e1438713650b56d84a94440,no,yes,,,
eab31ca9-bc68-48a1-8354-06b67c5bc36b.png,image,.png,3147861,c0fb6f537c5e69b66797ffbb8fb743b71b02802a657fd48127729ad182b07313,no,yes,,,
Bamboo weaving class in Champasak,image,(none),3117786,112d73cd37c0a91715ceb4b004be68465bd71818f82b5ca8b6a260abc15c980b,no,yes,,,
20180523_181804.jpg,image,.jpg,3082969,1ecdb8f0d22c3efd294b248caf0ec57df6ed1e4341b40e9e8d7ce5b4da1e7552,no,yes,,,
Tad Yuang waterfall 1,image,(none),3076022,3511def46740e30445c12294a818d86e1bb25c1dddade69f50f8836179a6eec9,no,yes,,,
Trekking in Bolaven Plateau 3,image,(none),3064462,53b9857b14e8a295ff363ac60bff59008c9b8a8e0e1a33a4a98a4172ca43890d,no,yes,,,
20180523_174832.jpg,image,.jpg,3045750,a0459f34179ec3e6bbe8b46e9c52a9fd36b7df93aca6ea5ad0570bcc1f4f86d3,no,yes,,,
20180511_140207.jpg,image,.jpg,2991737,c60d150028ace999d0264dc27db3db04f6dd23ea1ae49ccd9e4df24b4e66a414,no,yes,,,
20180511_140208.jpg,image,.jpg,2981935,f305708bab097a6bc53680b56caeb4cafa1421cb80992f8b331cd676a7042a98,no,yes,,,
dos_and_donts_booklet.pdf,document,.pdf,2969893,3d6d82d84c39555c61ffa9484062470c6701f1449d8fa36d32e0ea949e361f93,no,yes,,,
Champasak colonial house,image,(none),2957409,09964525a101a6e069374eb696d5706ce704680270d83ff6ef9f7a6080328c02,no,yes,,,
Coffee plantation 2,image,(none),2944585,452306fef387ec04a0ca66887301e6dbeb925c4b063146cd594a44d0c0f315ac,no,yes,,,
Boat in Champasak,image,(none),2917192,d1175ab5564451a2bbf0cc9c988b9d069ba5303710458f49d8e5c2724faa6456,no,yes,,,
Weaving class in Champasak,image,(none),2840065,2cd29f7c5d7f4085437df995bd3a8520c72d6cf57c0d68a91549f4138950530d,no,yes,,,
done khong.jpg,image,.jpg,2835742,4a967cd029269d4c2d5f27e46087726a1c9ffdca8d5567401122e71d3075a27b,no,yes,,,
Cycling in Champasak,image,(none),2835661,f4423e9a84f985dcaa53b4ed03db43fbccc14581d74922a1ea4a9d7a89b8673e,no,yes,,,
20181018_130642.jpg,image,.jpg,2831795,436fbfa71bf35b619705e8d5b1dcbf4208c139c0e34af8f2102b8c068f04b171,no,yes,,,
Khonephapheng,image,(none),2803229,acd2bc7ff5063bc834b97d93b8eb528fffb2f7c69607753477abb69c6afe61de,no,yes,,,
20180221_133136.jpg,image,.jpg,2793060,8de2d4925ecff00cef7e8727985b594535616b2dcb84701bdeadc810db7d4492,no,yes,,,
20180221_133142.jpg,image,.jpg,2760433,014a5f6fdaf19494d73ce7570e1cbe84cc91014badd5379462912397e7b510d4,no,yes,,,
Don Det,image,(none),2713680,3ceab891f1495a2c49bb9deae88839b65e3770b63c70f4cd4a1b1213418eac76,no,yes,,,
20180221_133144.jpg,image,.jpg,2706313,8a6c1785ad6e8ad8305f06483d3eeb84943ce4f4b582ce35af0d96cfa039d6cf,no,yes,,,
20180221_133154.jpg,image,.jpg,2705257,1259306d2cbd2e5a6d2cd1c539c29853004dfa1161416a98a2901a04473f909e,no,yes,,,
20180221_133123.jpg,image,.jpg,2681114,22247887e745fcfd96b7124a837bc81d7d6bae19bcfe5751ff03c2ac3c2bfba2,no,yes,,,
20181018_130541.jpg,image,.jpg,2664922,f065b18dfda3031cd9c36d6f2b025ca0c7f1f75532271bd13238a15cd3d43730,no,yes,,,
Sunset at Le Panorama,image,(none),2631773,0935b6dc71b3a1b48f7e574e7d769972a1244cb586790b5048ffe3953698ba94,no,yes,,,
Le Panorama rooftop in Pakse,image,(none),2631773,0935b6dc71b3a1b48f7e574e7d769972a1244cb586790b5048ffe3953698ba94,no,yes,Sunset at Le Panorama,,
Don Det-0809c51a1bdb49ae9ca59997f0e90f38,image,(none),2614336,ddf594a07ae4ad97aee6f12e034feec77364289199e443b89812c3c9e04872bc,no,yes,,,
Tad Yuang waterfall-f851f1e19e524e139843db63fdfc46f7,image,(none),2541628,1e240683929a76ad43afd878e3a4f204a3b61999fa81436cb215c403c14705dd,no,yes,,,
IMG_5046.JPG,image,.jpg,2509683,a4273048ba5555a3752fad42d5a8aabbb8ee0a24be8ccd2f29fcbb9dfdb07c62,no,yes,,,
20181015_152812.jpg,image,.jpg,2438882,495e825db0a1eb223fa2cba6f3d3736011f6d4e57e94d0a5b70811a982779239,no,yes,,,
4000 islands,image,(none),2422593,247b72ba6483863f0d5cc92b0a39f1931674b0b5246d082cfb4d52fed687d1be,no,yes,,,
Khonephapheng 2,image,(none),2418278,4e1e718d8ac986bf7a415aa7c3d7f96f79cad05d812d3bb37546f14fee3bf8ff,no,yes,,,
Bateau Done Deng,image,(none),2406436,bf3ebe1b6501d0a6942228026be1e61c89e809f3eb09554819e034ae58dc97c8,no,yes,,,
Boat in Southern Laos,image,(none),2406436,bf3ebe1b6501d0a6942228026be1e61c89e809f3eb09554819e034ae58dc97c8,no,yes,Bateau Done Deng,,
dscf4028-2.jpg,image,.jpg,2406192,2dd5d6c32c703922588c690f0e32d459620c860ae4c02659af06637b7fc5ba98,no,yes,,,
Sunset view,image,(none),2404575,ae65e06d246832711fa9dc20920d7822c42a6bcd6cce0c97f21a86dbb244ce1a,no,yes,,,
Liphi-532e97c473d5490d83caeb2e77d2eacf,image,(none),2404575,ae65e06d246832711fa9dc20920d7822c42a6bcd6cce0c97f21a86dbb244ce1a,no,yes,Sunset view,,
Mystic Mountain Coffee,image,(none),2403680,911284268369dd8bd374660b85aac5bea7d4073e399d9aee37863eb5b80fa7ef,no,yes,,,
Saphai,image,(none),2398038,ea537f43a175701ecc6453ee1f159d5e6d7aba3545e637756997f8629eee2758,no,yes,,,
Le Panorama,image,(none),2382385,3bc433ec02231ff6f324007f668c4cba81c1ac6bec41d4569ba74d8402f304ab,no,yes,,,
Wood Carving,image,(none),2373201,320cd1bfc377d80e27c8f3ebcb8f42c929e5e06635c059b617c56867635d9636,no,yes,,,
20181018_131101.jpg,image,.jpg,2373201,320cd1bfc377d80e27c8f3ebcb8f42c929e5e06635c059b617c56867635d9636,no,yes,Wood Carving,,
Best View Le Panorama,image,(none),2306676,2ab533e0c8dcf72d1298b279cbfb62dae62a0d908d374192fb9310d830792b77,no,yes,,,
tad fane 4.JPG,image,.jpg,2305971,0989480b4868c4a6886dfd3b7c2bc199e0b6c0c161bd66c6512a8e2fbb62d614,no,yes,,,
Pakse Landmark in Pakse,image,(none),2285513,28af37fe2dd9b7d57a56c7848cf6b32e209eac74cb7baf558c6f4303b7782a52,no,yes,,,
Tad Hang,image,(none),2283501,c868ccdd567d72aeca6615ebd8b3a8738eb9fb8c595ccbc9abf0a32eef6d8913,no,yes,,,
Boat in Champasak-dbacbd1e0ad1423e9e4816fd0e92704a,image,(none),2267958,5f8928ce934abcbdb9a2eae8e433dd9c314f6a470256ce118fdcb82e2865d449,no,yes,,,
Le Panorama rooftop in Pakse-76beb40e1d00466cb95b6ac02c67a729,image,(none),2234523,af580f5af8a742be602b04ab7befbe33dc6521b7baa22494a0b6dec6404f1aef,no,yes,,,
Deluxe Room,image,(none),2222296,083c98f6033790fdb5dab4c6cf8a822da72f3f4fc0a4032b977f1b41cdbe8b35,no,yes,,,
Jhai coffee house,image,(none),2221794,1ef0c3e17e8c537d2b32085cbfb60dacfbcd42547582cf81cefc1bf83a8cc291,no,yes,,,
20181015_142752.jpg,image,.jpg,2213995,25087e18b2e7abc98e4b29b43b7fe569d42a4cdaaf6ad75646eed6d1f87b20e3,no,yes,,,
Clycling in Champasak,image,(none),2158723,3707ec555ef66cfd5d100941a07c09034c626dc24918ac88c40cb067b21ce5bc,no,yes,,,
French colonial house in Champasak,image,(none),2111598,d23eadeb4bcc6a9af115e0ea588c89839ff401033b6d228bce862eee2edf49c1,no,yes,,,
Ban Kokphung Tai,image,(none),2109448,8d5fb45a7abe7d1ad37da1b19d031e1e336ad7d097f035d1f9b48b653c6abf64,no,yes,,,
e594de02-1a50-4a38-926a-6e998e2e0e7f.png,image,.png,2083219,3e358b95895e6fa4bf24e1342e0bcf72242c2bb6e514b8bf29aa3114d6ff2c00,no,yes,,,
tad phasuam2.JPG,image,.jpg,1975917,2f35e395f578c6859120b5c5ec56eeb7fe44cb95b946d32294350f260e8d5c8d,no,yes,,,
Pakse Burger66,image,(none),1963719,f05ef2c81baf98f53ea76528d451775b56eea87a3bc141a9da29cf00bb6f6808,no,yes,,,
20181015_170528.jpg,image,.jpg,1961979,977424e8ff43f5122ce9bd8710554e7ce445a3f765c307adb15fab48639fcac9,no,yes,,,
20181015_142602.jpg,image,.jpg,1915835,6475d9dde0d7db26d91811140fdb0fb98f130b5c9695b80b836ec8066a5f06b9,no,yes,,,
20180523_182723.jpg,image,.jpg,1907043,30011cdbfd60c55a888eb46ca7ead4b4f5482dc4c69f87726355ce8281fffc6c,no,yes,,,
20181015_165639.jpg,image,.jpg,1900280,e98a21d962f6a1bfde92a869b6a1b7e5264bb68703109bd948ed713c86143b56,no,yes,,,
Fisherman in Done Deng,image,(none),1888132,d6a2cb5a31f382e63e549ea8ae6dabc4ea9707ed4e57cb1d790b6d53abadce07,no,yes,,,
9480b38d-3572-45ad-a042-001fdd0fd3da.png,image,.png,1887357,5f9584ba4ad603b75e95019608ae797869617e5eccd160d16a786cd95a2bcb22,no,yes,,,
16c84681-0a8a-4d53-9699-44cea073a865.png,image,.png,1887306,426eb2265b70d01607f1851ad5f128246153a50d5ea9b498fd68cfc6448e29df,no,yes,,,
Boat in 4000 islands,image,(none),1876632,07f44b7150afb9486407eb315962ceec93c865740618d3e1d0f0bea05110d8ac,no,yes,,,
Le Panorama Rooftop in Pakse,image,(none),1866106,ec57619576c26211b63b0015d32f25fa2df5df9e4151972853c2f8e57e292edd,no,yes,,,
085d0b4e-678d-45f6-bb48-63562e05a6df.png,image,.png,1852039,129168d4f018ec83b9b824493f9760440083e4d6065a3f35cf53243d49b01577,no,yes,,,
0e21af34-d5bd-476e-9d12-540027773b13.png,image,.png,1850207,366f30859a62e70927d88166006573901924dea684d4a54e1c801b08dc47490d,no,yes,,,
Don Daeng,image,(none),1836870,b8291eeffe4978bfda58cd16b63b48b06be5e08229b72a4eda54b610ed815e5c,no,yes,,,
c66aef9c-b0ac-4b06-9326-89b54294b40e.png,image,.png,1836029,b08314a52968e58a4a11b7a3573c2b01bd561bfd27c58a4cc44b4935b37c6d95,no,yes,,,
e594de02-1a50-4a38-926a-6e998e2e0e7f-a2df0aad3c86441d9f8914e2ebb0b307.png,image,.png,1823740,3cc87149ac20fca2e6c49488d96310f64302c6c22b1b714033178efc460e3c6c,no,yes,,,
d66cc535-ed1c-4069-b4c2-e81e37ec9ae8.png,image,.png,1763069,2914ce8f35b6d40446cce6f998050957e15dd4b04c06de0145e171de0fd4fde8,no,yes,,,
aa2db336-92a0-447c-99e0-2f58db545ded.png,image,.png,1741021,3d5a21f2d73b4097f234e7118cd3c849b7f7770863b1b398a58d5000d5ef0e1f,no,yes,,,
1 BOLAVEN FULL DAY.pdf,document,.pdf,1735369,7cb9663a1d62bcfedb5832990398869ef5536ab2c6135638d9686d12902cf149,no,yes,,,
Bamboo basket,image,(none),1732628,81de9ed85c0bf486701e632c1833f464f04c0e8f59758ad9cfbaa83d37151058,no,yes,,,
e704f632-1a6d-47ac-8859-6c6b2cde7950.png,image,.png,1711338,4eb8f3f9759143a6919f3075f8dd3f3b7238bb38ea903a6106027fa2d824784d,no,yes,,,
85b93e1d-9cab-4bfb-a279-2069aa186826.png,image,.png,1707793,842781089b16ced24c87af6110ac345fcfa36e7dbc68575be5178d643480759f,no,yes,,,
c3aea2af-d71e-4f45-9e17-de254c393dbc.png,image,.png,1693863,bc182aecf7cd4710699c52fc13e91c4be18a97943985741ab4cdcdb376b5faf8,no,yes,,,
20181016_154200.jpg,image,.jpg,1685910,b58bf91104ba4785f590fa40a3ada1ddb33fa690f69a17b4d5c87dd61aa38d28,no,yes,,,
Charcutery at Le Panorama Rooftop in Pakse,image,(none),1674821,f66582559c4dbc0f5bcfee47bfef67c30b21790992f286090d78599ce2229c31,no,yes,,,
2e6a4b69-321f-4c33-b5a6-39a32da8f680.png,image,.png,1668482,079ce15e6d02b58a993c24deb966b599a6b426c6bdde5b8af86ea2055d691999,no,yes,,,
b27049c5-91e4-410e-a223-e397fb58f2c9.png,image,.png,1662013,83392c5ef9133d01a906678c928524dd973068e45f809f3001c4a5bfb4e30557,no,yes,,,
6a63562c-5255-4fc5-97f1-3d7dfda972a8.png,image,.png,1643194,8bd850b2aa1067789abd2d904952ede71dfa4d6699d1bc6848f6332b8fdc256c,no,yes,,,
Local Pottery 1,image,(none),1633881,de075bad4d19e69a48a92d9a1fb95bb4a5ca716016f9847efd00c96d550a8b15,no,yes,,,
dce4ef79-0056-49c6-80fc-5e2fdd9c4c80.png,image,.png,1618638,bf111cb95e45f4919cbcaeaed024a54661c8a7151b29a9eb76053c220f22d462,no,yes,,,
82598649-2978-4d65-a413-53a76a83c9cf.png,image,.png,1618489,ee1fc1725165131141f9fb5cbcc2c6ae61201de5ec6f7235ca4b8f8de95e8644,no,yes,,,
c5c8e1ec-10df-4998-8c5c-587b7ddcd649.png,image,.png,1618198,2a774700304bcdc5012a286f53107090d2dd7a4deca1a6212fc1270a17e81f70,no,yes,,,
Pakse Burger 66,image,(none),1600451,39c3d46f8385f34f66bc00bea59d2ff70d62ddd8c3b64a36a10afdae94679650,no,yes,,,
Don Kho island,image,(none),1587128,ca192e6749fd88f702d4e40db729f04fde48278f3dcab25b9bf1c2747204f55f,no,yes,,,
cf1221ff-4ebb-424b-99a0-542215e1e0c2.png,image,.png,1584639,cae5ad7c7bbc4c03fe4ce6737e3cbe0f0ebb5c9178f936817ff451a0a2b1f845,no,yes,,,
a6736b3e-5d78-402f-a905-bdbe7eaf7acb.png,image,.png,1583953,4e4b2f71a5218a5bb28a537ea2e5d94885834d774923037fcb81d26d9943b44e,no,yes,,,
Invoice10760.pdf,document,.pdf,1574489,5015097b0a174f765fa3a473ee2703f312d99ab978482d426ed500d624ee8b97,yes,quarantine,,,
d66cc535-ed1c-4069-b4c2-e81e37ec9ae8-a2c51998c29d493ca3ce13808b77ecce.png,image,.png,1572783,4756fcff39136d39f5a73cd9c8999ad51147ec0e7fd86b76c6fed8d284d004f6,no,yes,,,
ce2eb64a-3036-4efa-9b35-3121a3eb1fbb.png,image,.png,1568748,d5407beb0ceb6865cbe858324a294afe4a0a29ddafbb220bc83d7142725af530,no,yes,,,
9b87691f-4c4b-49b2-b7c6-fa731c4108c1.png,image,.png,1566910,a84db753ac7614b54440f90ffafabd8c282b5b81fbbd7c763910519207b5fadb,no,yes,,,
981e5ef9-9cd7-4a18-a5fb-75674107afcf.png,image,.png,1558246,b8c9a1692387884b79e800158aa20ac68236f9b1961f9641dc5b39e094def71c,no,yes,,,
9b12a245-cf9e-4f41-ac9f-4796ce19535b.png,image,.png,1555465,2a4f8fe38aa9bf11fd6f425e0bb03b6f963cb9cf92cb72ded841d9597e04154b,no,yes,,,
a91de2fb-d46a-445d-be24-680534217d78.png,image,.png,1554987,0f1d212ad1619cd32798b2dfc558f8ce24555eeac7112fe9f846279bbdd6bce7,no,yes,,,
c91843d7-9068-451c-b22a-dbffd90a833a.png,image,.png,1548920,db87ffde7f403c60f031939a4f87efcc7e2999c3fe1482b08880e8497398ac66,no,yes,,,
02323322-d09e-44b7-bfb9-9ac2ac870640.png,image,.png,1513215,797870d5a551deaecc4bc606f61577e9c5520f6a4321f23101a0b25040ef9f86,no,yes,,,
ce2eb64a-3036-4efa-9b35-3121a3eb1fbb-c02c19cf525040fba1a77e332d3b0daf.png,image,.png,1509736,4ce291b96d1e26cdaebd08480979d76cf714e0e7822be058dfb3c1b64d0596cb,no,yes,,,
664e67fb-1805-4a6d-b66f-3cac9e9a912e.png,image,.png,1508529,6e2b2a53eb597995be79fdc11c372dafbbcd99577329010acd211bb73f90001b,no,yes,,,
20180523_181610.jpg,image,.jpg,1488699,02e068015a79916dcc2cbd3136d759ced92dfe5d1ecd0e01d95c3bd04645fadc,no,yes,,,
156a73b0-9e40-4c05-ab65-28b3be00025b.png,image,.png,1477009,0d75e866997ec3aa77de1715dda7e2860b6e0e58265095273242360b5a5bd025,no,yes,,,
24939c67-9b74-4a99-858a-8b05b9a04711.png,image,.png,1476876,7d68f936f3d9a64e0dd0c70b3a0a87a9fa36d4f42d527c006bf89b4f3ea2f9a7,no,yes,,,
894bfef4-d1a7-4ba6-9499-888596f90a7f.png,image,.png,1475478,809f378319975aaeca01186d82f1b5839f04989f690e54896fa6ea13856387ab,no,yes,,,
20180523_181606.jpg,image,.jpg,1469672,f8f7a7b5ee4bbc62e016836fb165bdd5b32e5c6a745d257bd47dc81828d79e5f,no,yes,,,
be1a9f9a-09a1-4eb6-af22-5212211bc8fd.png,image,.png,1456477,5f85768e8e33db6833e65cd525edc7f772999cdb1d0308b11321106942ce55de,no,yes,,,
993ccfd5-32b1-457c-96eb-94f032fbf4e9.png,image,.png,1455934,9dbeab61723c921635ea92449f4564b182ad38f0ebced4aa7028b783295a5bc1,no,yes,,,
ec491972-46bc-4599-ba78-3d847adb2e94.png,image,.png,1443062,01e42f7c6ae71b747c0d65c86b527718991eff4f07999d9d2f08f699d102c416,no,yes,,,
3 days 2 nights,image,(none),1440004,a1fd71cbbce6b80ef79d32ddf8d8ef0f316234f78a0bf4d9f82e909c72bb7d68,no,yes,,,
50afc8b9-7dcb-4b32-925d-281c02ac8714.png,image,.png,1437748,2cee7eca18c2cdbee21934b998c134bda5390d670804f95c90d5849ddfbff76c,no,yes,,,
d5cf1ed2-b71b-4738-a72a-e9801215cffb.png,image,.png,1434502,1f76f2d186d419d2729b30b448b806fb51d056826a7f8adc3e9955c45f526f50,no,yes,,,
Volcano in Bolaven,image,(none),1434486,ea2dcd7f9c1711fbcd9bee209e2d041bd5a923c2f99fe7bbfdf5629ebfaa1003,no,yes,,,
Dan Yai in Bolaven,image,(none),1431480,ea2c5bffd4989bb12da2127a2d6904127325770dc23c8086c47fd658d5c3cef1,no,yes,,,
Breakfast at Pakse hotel,image,(none),1429441,05ce52d796edaf0f3a2d10a295a87e9d680556bf17f69bc230577df95d536d69,no,yes,,,
48f37794-f362-4297-a1d6-6b247b012a80.png,image,.png,1415951,febc6cf2d851d5e02c01869655c0463c48639b0f272cb023575e85cfbb72b0dc,no,yes,,,
DSCF1169.jpg,image,.jpg,1389885,6f7447c061127160505a0690f8e54620b8053ca8e85071b1e4f3d8063c4ff6dd,no,yes,,,
32408cc6-318d-4d5a-934c-3f20d0fbf1b6.png,image,.png,1370703,906ced81336619a39ab9e0019ccead4eb240e964068a14759d0ea13f53539372,no,yes,,,
Drink at Le Panorama,image,(none),1366045,38d51a9b7cceff072a4798145163813566ec781a779ab71dd505a0d3e2f1f17a,no,yes,,,
24399717-5fa8-4537-a3a7-626363fe3990.png,image,.png,1351465,0c4e8abc6fb7f42402d8b3e2216a8ee82b15e0ec9d66ff1d4a8fc5f2f754d6fb,no,yes,,,
4a2b96df-e2f5-4111-a71a-6a32b340aa6d.png,image,.png,1350314,cf2c78649448a5f6f0da5bd361dc7f4473315571b71606dc719c74e19482d241,no,yes,,,
Coffee in Bolaven Plateau,image,(none),1331096,ce9bebc91ebbdacba60673a2df63283be8ef962efdb3615ee79d6077125fbd5a,no,yes,,,
DSCF1182.jpg,image,.jpg,1326743,00da4bb379a56073a80dc5697f3cd746d3e806903b09ad9a66ec127b439641d1,no,yes,,,
20181017_162824.jpg,image,.jpg,1295996,c7189944626cad89fb2b643cd3f21794e3a0096d1781ae05e181499f393dd524,no,yes,,,
DSCF1161.jpg,image,.jpg,1276338,0e4e1c2bbac84c3ab7691be421ac2cb47ecec5c64f322e5a16373b784ac5b1a3,no,yes,,,
3e59dc74-d637-42f3-93fd-870e95c893fc.png,image,.png,1274774,8f3102a5411ff0f9a38a7a387c7b01cd876b4e03f7e1eea9f0454c1863b69df0,no,yes,,,
Coffee in Bolaven-67e4166fae054391a5f71265dcd25077,image,(none),1273225,8518cd97473b4430876298c509951e2a6e4292dc2fa9d8730b0787343f58b10c,no,yes,,,
Watphou travels team,image,(none),1253143,d24805869e104ecc02e613396dafef6180176a651a0a951703c6e6988473ef87,no,yes,,,
fefed8c3-58c0-4e4b-9a95-0e4cd58b1509.png,image,.png,1251702,939500332be4b78a75bffbbe28c138dd0c606d978bb9a1764596a58b7c734cc9,no,yes,,,
Fisherman,image,(none),1199587,ec97d58676b135d03c9039e16430660a17bc9ebac14da6be885408c256e90795,no,yes,,,
Trekking in Bolaven Plateau (Nong Lunag) 3,image,(none),1185122,59d304d6d0bd237898007030edd513210b3b34e6d169a679c11db687891eedd0,no,yes,,,
Discover Bolaven Plateau - Chasing the waterfalls.pdf,document,.pdf,1174342,d1724291baff5ca0a673cab2e3bef58bcc5b8ea242bdd4b9f0af22b47939b845,no,yes,,,
Discover Bolaven Plateau - Chasing the waterfalls-6d276046abde476e89662dbfac9fb701.pdf,document,.pdf,1171828,2b0218f25cea38014ea1a61ed90bc4acf28da0a4f813303c68c61f740f2069c3,no,yes,,,
Discover Bolaven Plateau - Chasing the waterfalls-1053ad96f0544f16888edbe5def74159.pdf,document,.pdf,1171828,2b0218f25cea38014ea1a61ed90bc4acf28da0a4f813303c68c61f740f2069c3,no,yes,Discover Bolaven Plateau - Chasing the waterfalls-6d276046abde476e89662dbfac9fb701.pdf,,
Vat Phou temple,image,(none),1153704,311ee8b12f8e522c4fc1458d708b8142c27c9637df6cebef9914d71be50a572f,no,yes,,,
a2c50373-3441-46f5-a6ab-941fc188425a.png,image,.png,1144254,b07bf32f4e4b539f84a832ccb96f153ba9791d84d783a4745d79a30041f2e30b,no,yes,,,
Tad Lo,image,(none),1140955,1154c7314aa272042f6f677a43dbd72a968941c390dd88bb7e41aa6099c73a94,no,yes,,,
Trekking in Bolaven Plateau-df06fd24ebdd4dbc86b15ddb63d84e15,image,(none),1136052,c26043bf4cd42dab21a28dea26497d20bfae685fee31a14c290dd323c2c25d25,no,yes,,,
3 days 2 nights tour.pdf,document,.pdf,1136037,5be43de3b9da4db5e1d3a26ee205d1e8eb765a3d9e0d823e2af21d377c9f0eec,no,yes,,,
BOLAVEN FULL DAY.docx.pdf,document,.pdf,1130681,1bf8b5e87d1e6b7682286d5f8f5f7f54396c5a4c2104645f7b628778db9b13b4,no,yes,,,
Bolaven full day.pdf,document,.pdf,1130681,1bf8b5e87d1e6b7682286d5f8f5f7f54396c5a4c2104645f7b628778db9b13b4,no,yes,BOLAVEN FULL DAY.docx.pdf,,
Bolaven loop 2days coffee - waterfalls - soft trekking.pdf,document,.pdf,1116156,e0dc5cc7f84a38c11a7661c01fe22f65db586fa81af57f9654fe44614909fb65,no,yes,,,
Bolaven loop 2days coffee - waterfalls - soft trekking-57d8712dd6db4eb3815959e1bbd0696f.pdf,document,.pdf,1116156,e0dc5cc7f84a38c11a7661c01fe22f65db586fa81af57f9654fe44614909fb65,no,yes,Bolaven loop 2days coffee - waterfalls - soft trekking.pdf,,
Bolaven loop 2days coffee - waterfalls - soft trekking-dd8c31d8c5f0474fb8ca4a188fe74671.pdf,document,.pdf,1110504,3444b18b3784fc0e1cd6ca5cce9bc38f70ac3e8e9c2f0a64c88e13373a1d5983,no,yes,,,
Bolaven loop 2days coffee - waterfalls - soft trekking-ed90fbd82e00464ba70c0ac7ce2abf9a.pdf,document,.pdf,1110504,d1d90e0663968c6ae6f5261c1c02ca7c055c815c21d45c811693d48744744ea4,no,yes,,,
Coffee in Bolaven Plateau 1,image,(none),1104922,4f1ac06d661eb68fb4a6b2cfc68ae31265c2b583967f29aa06b8592aa13fa6aa,no,yes,,,
37808bf5-c927-475a-a661-251400a7a061.png,image,.png,1099033,7338965fd64e0bcaef8a4f20fb6f2e295c4617bb9df86f0ef106ed373f25590f,no,yes,,,
don det 2.jpg,image,.jpg,1067737,082e62208edff64a0e245c23b51ef8075befe6d1540955bca45530888f8829f2,no,yes,,,
WATPHOU AND BOLAVEN 1DAY TRIP.docx.pdf,document,.pdf,1053795,866bd2a12c7e17f28837e744c007955f692b9630064a3d682fb6f525f5f9c01f,no,yes,,,
Phou Salao in Pakse,image,(none),1041540,dff7d797a9e0426fb1cdea0094d1bb871b632d76f0fe18fab611cff867238925,no,yes,,,
Trekking in Bolaven Plateau 2,image,(none),1037556,2eceab8beafba925b0701c3a2ba84ed5e9ba9247582278f53df5ea67a3933585,no,yes,,,
Trekking in Bolaven Plateau 2-334c096a935f43ecb248a962fbbc66b9,image,(none),1032062,6d4773fc82914da9eeedd322623af4a730bdb7f1fe8176b9b45a47c0c55a6f83,no,yes,,,
don deng.jpg,image,.jpg,1023836,d99bb88dea4728b6f16bb6ec278f06792583ad34f9ff35704bcd460555325949,no,yes,,,
Bartender Le Panorama in Pakse,image,(none),1014941,594292a55b90473b6b6a8e586ea4a0ba7637e499da441b4007ec09a668930a52,no,yes,,,
Lao New Year Promotion 2025_edited.jpg,image,.jpg,1011753,76eb2fbfae63d03f8b3cefc30151274d72fb2102066db84b55a79c1488cfb09e,no,yes,,,
DSCF0784.jpg,image,.jpg,1000491,c58afd1bc082241e2915f4cb9e6613e5c6a01890e10c9caf1166eef821089c69,no,yes,,,
long program Laos for nature lover 7D6N.pdf,document,.pdf,989395,324242123ce48198835798dc9236b459e11a34a43a258e629b605f3c6f24b219,no,yes,,,
wat phou 2.jpg,image,.jpg,989381,02106b4a78d61a42bd22416372b812f8a207115ee989b04afc3e3e36466b9b7c,no,yes,,,
DSCF1118.jpg,image,.jpg,958753,b9879224871c882c495ac3619710645408444464f26bfffee5adc65e2546a4b7,no,yes,,,
DSCF1118-0ab213b14267486693abe640e256cf6c.jpg,image,.jpg,958753,b9879224871c882c495ac3619710645408444464f26bfffee5adc65e2546a4b7,no,yes,DSCF1118.jpg,,
Programme_pour_13_jours_nouvelle_mise_à_jour.pdf,document,.pdf,950643,736e9a681268697e7d15e7dac0a32ee87b87ca32ef5312eefc1f47a1d831292b,no,yes,,,
14 jours programme.pdf,document,.pdf,934960,e478ae1b84c20b818eb116bf629e8fba78b20125f0b24fd360dd1ee64b890f9a,no,yes,,,
Le Panorama-63ab08aa538a4ba893061ebf57cddf14,image,(none),919228,7c810100f4f75b6f7553e95ef38a29636cb0d78b32f9120991719c0a31003c5e,no,yes,,,
Vatphou temple-c4d7155e7efc47d3b38eeea2ce54360f,image,(none),913945,6ddebdaa9902d3e3906e90bd5731d91271cfcac568bc60c8176d4140b3643a79,no,yes,,,
Vat Phou temple-fc38f35a47d14ba5a5b368a9043e9cea,image,(none),913945,6ddebdaa9902d3e3906e90bd5731d91271cfcac568bc60c8176d4140b3643a79,no,yes,Vatphou temple-c4d7155e7efc47d3b38eeea2ce54360f,,
wat phou.jpg,image,.jpg,913945,6ddebdaa9902d3e3906e90bd5731d91271cfcac568bc60c8176d4140b3643a79,no,yes,Vatphou temple-c4d7155e7efc47d3b38eeea2ce54360f,,
Perle du sud.jpg,image,.jpg,897209,b53d0b1c6ae76c2104965adac331f716d01e49dc75fbb76cfd9c65f509c2c3c7,no,yes,,,
Invoice group Gijsbert 2 persons.pdf,document,.pdf,897130,478ca87328739458ea71a6c47377215281b2bbc9b87176874026c07f860bb2ee,yes,quarantine,,,
Tad Lo-527855ed40a94d748af303bb072a7353,image,(none),893419,aa1580535e7e7eefb5dbfb6ffcd12f19d59f1f106ac8834787b7273db18dc838,no,yes,,,
Vatphou temple-d438309bb99d4afc89356eef559d50a3,image,(none),880110,5a2abb46dc928b7de6f192081c31249e8d9bb7b8a3061f13cc7b5bc36c8c4c21,no,yes,,,
Pakse Burger66-48b71d14a1014b8683b5abefe0a740f4,image,(none),876112,6cb482ec7c4b9d182b0a9bc1613157f139743125d8c73afb9c3b667a05a91948,no,yes,,,
don det.jpg,image,.jpg,867436,44b9c5c71e44c3380d546841f83e8b3ad3f4368756ae632b2c1660a894402019,no,yes,,,
DSCF0393.jpg,image,.jpg,867421,6a8e8332a2dec9bcb7c2dffa9feb0161951c703faafb4893ff98e7bd0873ae30,no,yes,,,
Deposit invoice.pdf,document,.pdf,867021,a818220dd2c7a3a60d854aece12de09ed2cdd9a587105bcfc2d57c6e923c3978,yes,quarantine,,,
1 BOLAVEN FULL DAY-a9f58b4c5b9c4748a6f4a4ecd44fdb61.pdf,document,.pdf,864099,c2205e61bf1ea2dac989b49d4c6107f391c56202182dc2478dc113072084002a,no,yes,,,
Coffee Plantation,image,(none),861523,7adc94f6107f81e851c61ab82a8d43bdf945507d729329aa8f61fd88729f6da5,no,yes,,,
Programme_pour_13_jours_dernière_mise_à_jour.pdf,document,.pdf,850141,4131fb624a96fd3df0c0d5cacbf7605608e4d1f7a879ac10a6949b7b5d141bb0,no,yes,,,
dscf4135.jpg,image,.jpg,846345,dd58aae8f1fb6780036c1370205fe5a943a8e92fe32f1e8ece13c12e9b7090b5,no,yes,,,
Champasak weaving,image,(none),836382,cb9c00d5116426cbc5bbb63f92ba200fa3b01926b4aac22a3fd577ba11fa1f30,no,yes,,,
Boat in 4000 islands-924511e6f9a246d0850c3f1cd4add728,image,(none),822128,200aa66914091501454374408ebcfa6772c7fe861bffca6c375f02ddbe08ce92,no,yes,,,
Liphi waterfall-530f6419f11c4a77a4064e1925e52add,image,(none),815532,2ebdc7a3d1e74a9f775efeaeefa3dea033d843af0e6d9ea143d79c2841757c9a,no,yes,,,
Wat Muang Kang,image,(none),797505,50e7cf7964eda2a78aaa4a235dae8d5cd5ebe114af704cb22256043dc1ad5b6c,no,yes,,,
Khonephapheng-e581bb649ab94f3d9e2d38cd9aae7894,image,(none),794981,60911f15b8624dda68219baa6666575cfff3653cd63e411df4b7ec39bd2bb048,no,yes,,,
Bicycle in Champasak,image,(none),770252,6e457f173caf6bd1ef840e7f65e10a126c5936b04f6146ff8935b327687b0b9d,no,yes,,,
wat muang kang.jpg,image,.jpg,770026,597dae31163a3badc5d27ae24cf9e22cc9ffdc25ad66d1238416edb7004b75bf,no,yes,,,
5D - 4N.pdf,document,.pdf,769250,0cab8a9d7cd26b6f448bf8cbda9f1f20e4825302955aa2f2872fc60ddf74a6ad,no,yes,,,
Tea in Bolaven,image,(none),762529,64824e254a1b3af3a024f0b0e6af635b4e73968b856ca66d03c7dacd8dda7539,no,yes,,,
bicycling.jpg,image,.jpg,759791,227b5381c1999e23417c8e2551cb033bcbf8bf945520542d7602fe025ada83ff,no,yes,,,
Cycling in Champasak-bca2b96d88734d40b228a31539da602e,image,(none),754431,5ef59efffdb9bc118cf4361305e3b82374aee18e7c23aaf38286f2330bbceea4,no,yes,,,
img_3701.jpg,image,.jpg,750648,dd80e18ef1e26e5dac6348ecdbb167523da5b05846c2b2b584b1570f344c4f92,no,yes,,,
Bolaven - WatPhou - 4000  Islands (3D-2N).docx.pdf,document,.pdf,747689,6fd31645b2f78b4cf55fe1b11765db0ca4d9b2a798c5d5df033e67b7fdea45dc,no,yes,,,
Tad Fane,image,(none),745084,3a06727ad7b81c1a7162134964de46a24fd9d7cb49848a12ee619b89d274bbd4,no,yes,,,
Buffle,image,(none),724255,4f2b0114232d763f0f183389d9c7e1500d0b0b6ee843e2f92c3c9484e5462875,no,yes,,,
buffle.jpg,image,.jpg,724255,4f2b0114232d763f0f183389d9c7e1500d0b0b6ee843e2f92c3c9484e5462875,no,yes,Buffle,,
Ban Saphai,image,(none),722902,6eafb0679d98e2f9f4027be1dcb8dcc071c6deb65564a1d4ebadd52826a3d71e,no,yes,,,
Deposit details.jpg,image,.jpg,699628,b46a7342d0b49ac4bef4de4cf3896ecce1b4f97087199b77319d0335d4c2ee33,no,yes,,,
Million-Year-Old Volcano,image,(none),694249,f4ff047f7e65d24a4d2c077091ff226f2a7db34e3035fdd080aecc23c2f8af98,no,yes,,,
l8r9807-2.jpg,image,.jpg,673123,6bc42020fbcc2ce9a34524a3026dae25d9a9249d18c709071310cf1bc2a918e9,no,yes,,,
Cycling in Champasak-64469a3365874638919b8f69440fe4f7,image,(none),672127,74b19821f07b7278429cebe387ce36e025b072bc9214af60723ff5ecc9832485,no,yes,,,
4000 islands-90e8f5534e714ec6b378ce9b5f17d17c,image,(none),669647,31cb73922b010c86a0c4874d16a49df56a04f9285e6fde21854faeaa05db8bd8,no,yes,,,
Volcano in Bolaven Plateau 3,image,(none),666701,9f1922c59fe5075ba7ce42a58bbf7af5c578f6e463862f8d55da1ac2d8d4279f,no,yes,,,
Volcano in Bolaven-66fa8942602a43cfa2665e4c08b1aa08,image,(none),666701,9f1922c59fe5075ba7ce42a58bbf7af5c578f6e463862f8d55da1ac2d8d4279f,no,yes,Volcano in Bolaven Plateau 3,,
CLASS.png,image,.png,661699,4866447ef00b0792af7b97037a629abf3ec4d77f91a564b7a6160d3e5294868c,no,yes,,,
Wat Chomphet,image,(none),658429,d44b7b011054fcfff79bd958ea89360f8a98057159ee07c2890514e01a3bc45e,no,yes,,,
PAKSE.jpg,image,.jpg,656544,490e07679e1b4910257840f1a1bdea991ec11780d7c896db1e104210a062efca,no,yes,,,
Trekking in Bolaven Plateau 1-8e9a58ca5fcd4d268614aef16503c698,image,(none),639533,5ae15000132c50367f825e524dd4dcc5bf9b3dc4e0742e03f05cdd04092bf7a5,no,yes,,,
Trekking in Bolaven Plateau-d630c230f81641788cdfce09861a2278,image,(none),630404,b18d3bc9a709b8e7830924bc410cf97b909cb9c316db5d4e99bcf6dae1182586,no,yes,,,
Trekking in Bolaven Plateau (Nong Lunag),image,(none),627549,d362a91ee4464c12dd3311a70e2d85668bdca85b982cad080014ca718a29b32b,no,yes,,,
4 days 3 nights program in the Southern Laos (1).pdf,document,.pdf,622175,269e88a6580e185bdf1d1992172081d168eafc41c6d7815a33706276d5b55872,no,yes,,,
Done Falang 1,image,(none),619066,b95e3e03dd0e6164c5cda67753fedec80aabf69c3644bc395af428d92da873aa,no,yes,,,
Weaving in Champasak,image,(none),614374,fd9ea2b680589ed8f0b2ad3e8e10879b0d9cff13523647e3f6dc6b303cdb31bb,no,yes,,,
WATPHOU - KHONE PHAPHENG WATERFALL & TRANSFER TO BAN NAKASANG.pdf,document,.pdf,609580,415ddf773618b0d54ac89c9ffe942b5d1bba1abfe55460d570bdc34f1b7e7186,no,yes,,,
CHAMPASAK TRIP BY BOAT.pdf,document,.pdf,595005,209e8f366edf0893db7848b105c07f46be63dbe17dc5e35a126708b7c50172cd,no,yes,,,
WATPHOU AND TRANSFER TO BAN NAKASANG.pdf,document,.pdf,587329,fb0a6f0bbe440d6550fcf90aa4931e95dad1d7c4c37b3f9261afa618190ed874,no,yes,,,
WATPHOU AND TRANSFER TO BAN NAKASANG-744cb9ba091f47a4b737aa52c1c48523.pdf,document,.pdf,587329,fb0a6f0bbe440d6550fcf90aa4931e95dad1d7c4c37b3f9261afa618190ed874,no,yes,WATPHOU AND TRANSFER TO BAN NAKASANG.pdf,,
Phou Assa,image,(none),586321,f849a7bf9e9319728e5ac27e944245310e65a87ca316f3ce10ad5ca952dd5a7d,no,yes,,,
Fisherman-2b55743b588a4da582c34853b5a9b1d5,image,(none),582016,42c92fc2ee627c94214a7668093771ed3ba64c0893c5b259b99d2cbc83c65a0d,no,yes,,,
Tad Yuang waterfall 2,image,(none),582012,b844d70f3eecf66d5ade3db273510c6a682cc04ad0014627af4d9b2f40c1955f,no,yes,,,
5 days service in the Southern Laos.pdf,document,.pdf,581147,0452c7b13240cfcdb1dc95cb079734af3316ea1bb722e2f964c44b8a4545af30,no,yes,,,
5 days service in the Southern Laos-7041181c920f4a219b468fe62ca9eaec.pdf,document,.pdf,581147,0452c7b13240cfcdb1dc95cb079734af3316ea1bb722e2f964c44b8a4545af30,no,yes,5 days service in the Southern Laos.pdf,,
Invoice.pdf,document,.pdf,552814,34792369538f32525b7e2ac0a062f09f9c8f09c74da2bddcddfeeac6716f859c,yes,quarantine,,,
Invoice for the trip 5 days in the Southern Laos.pdf,document,.pdf,545903,4b339c2b7791781702da28bad22fb927e5591f29ac4483130c3483bfa7c9ff28,yes,quarantine,,,
5 days car service.pdf,document,.pdf,539737,e8d50b77365959f0dde0dc648dda9091db27b0bce1850931c9674d3e0eb85a2a,no,yes,,,
PakseHotel69w.jpg,image,.jpg,539591,db8ade6283af168ff94ed1b8eb0a77c2b4b19debf8498abbd29fe3c0e965747c,no,yes,,,
l8r3990.jpg,image,.jpg,530699,9ec33cebc680da6f8460e6225e173081d8e9a2d195a52696ca51f3891c58d5e3,no,yes,,,
Champasak,image,(none),515862,d932251d1b9d8124f4b161029f0c42ac1d9087ba0db25cd482458816d56d9707,no,yes,,,
Ethnic groups 2.jpg,image,.jpg,513212,caaff7b9419d4190413dc5e7dfb0403b63dec8e7cf563ba402daee4a6f7257d9,no,yes,,,
Tak Bath in Champasak,image,(none),512681,75db4ee5b20b117075b69af2c24a1ce03320aff6a673700081ec1bf9d3e2babe,no,yes,,,
Cycling in Champasak-a223e158f5444604bb9ff0d84466a230,image,(none),512470,7f574e481800673ccd9c85cbd67ed1ce6ee2e76341acab98f74746714c96747c,no,yes,,,
4000 islands-e4e86270b12f49be90a175383df712d3,image,(none),510423,f39a884adc971fe6f377727bc208c4b68a2c2028005aa6b823a5596e5581f372,no,yes,,,
4 days car service.pdf,document,.pdf,502794,d27fdabcef6acddede733285872449e719fdf5943f8ebf92c103a0cb8f9ffd72,no,yes,,,
4 days car service-becdc2c2a497433181a531bface21f7d.pdf,document,.pdf,502794,d27fdabcef6acddede733285872449e719fdf5943f8ebf92c103a0cb8f9ffd72,no,yes,4 days car service.pdf,,
Trekking in Bolaven Plateau 2-cbfc740823c3459f854a925cab321490,image,(none),502744,a246c729449cc0c83ab9d9d02a93f0014d69258cbce2280863079db260346d52,no,yes,,,
img_3426.jpg,image,.jpg,501602,35e33ce579c84546b8a4fad2a67870d7ba9f6adfefe0e70546e38f84f2744487,no,yes,,,
DSCF0591.jpg,image,.jpg,496247,edab67af77001ecc99611a5bbacb35c45190479597c038f0f0fa3249cb5bed20,no,yes,,,
Imported beer in Pakse,image,(none),489920,05931a0e3b22d783492d29fb191b2ad46c8144978d227a01acb08d473d408da7,no,yes,,,
rice field 3.jpg,image,.jpg,488768,788c1219cd11978c87d63bd235e7ab968e9c84c020425d1a63ae5c522255e60d,no,yes,,,
Jhai coffee 2,image,(none),487121,b63b0c090302ce520ffba66ea9e1ad6006b2add4288c9896d20cd86b4d0641c5,no,yes,,,
Chinese Association in Pakse,image,(none),473901,74f2ee784461d8dff47b624ae70a61426bd027bae9e1ca6ac96aea5352b468da,no,yes,,,
Watphou travels office,image,(none),469937,5bae965a874c302582b5047bb7685a6c876b29fed26125ba0cbef94b96a53703,no,yes,,,
Coffee in Bolaven-8127f96358a048d3afc60a86f15e0938,image,(none),468908,3f25371600de53e6ea7c92ceea210da18de803eb2ad42dd1e602cad074d3c5f9,no,yes,,,
giz_lao_coffee_41.jpg,image,.jpg,459173,bdac97bba75f6cafc132e0b1e295aba73b7be04706ab1ed0fe4f2c84c3332d89,no,yes,,,
waterfalls.jpg,image,.jpg,458786,e494068087dda59d070df51aea25e2d93e1e23639c6b36b50d6d7004b46b53d4,no,yes,,,
Vat Phou Temple,image,(none),450487,1045ccb18a7e554a3edc66e4cb1eed9363bf38107efcf3e71652a79fd8594e3d,no,yes,,,
Volcano in Bolaven Plateau,image,(none),447852,0931d064de9b30d7e9964831be473aac243a36ff0766b315814cc6c090ea277d,no,yes,,,
Tad Yuang,image,(none),447065,a27dab0800662e42414b37d54083da8dff01fa486ed3a33d273f228bc02d2ca9,no,yes,,,
Screenshot_20241029_143918_Hello bank!.jpg,image,.jpg,442390,87ae28c8c0b2af9fc57ca11c416ae9293624fba10a80672b5ac3103dd18c9c26,no,yes,,,
Screenshot_20241029_143918_Hello bank!-f601f3f56ae94ecaa8cdcc77903eda60.jpg,image,.jpg,442390,87ae28c8c0b2af9fc57ca11c416ae9293624fba10a80672b5ac3103dd18c9c26,no,yes,Screenshot_20241029_143918_Hello bank!.jpg,,
Bank account WPT in USD (BCEL) (1).jpg,image,.jpg,440728,c03efb6dd15f9c0f8e5730c3f5df3774b94eacb9da5fe27f2058bc222daec427,yes,quarantine,,,
Bank account WPT in USD (BCEL).jpg,image,.jpg,440728,c03efb6dd15f9c0f8e5730c3f5df3774b94eacb9da5fe27f2058bc222daec427,yes,quarantine,,,
Bank account WPT in USD (BCEL)-c107ee2872c64a6c96317fe7c04bea1f.jpg,image,.jpg,440728,c03efb6dd15f9c0f8e5730c3f5df3774b94eacb9da5fe27f2058bc222daec427,yes,quarantine,,,
Bank account WPT in USD (BCEL)-26f9d2ed63ed4a098cfcfa09cf559b4c.jpg,image,.jpg,440728,c03efb6dd15f9c0f8e5730c3f5df3774b94eacb9da5fe27f2058bc222daec427,yes,quarantine,,,
Fishing.jpg,image,.jpg,428901,6c6537f873e5cf0e6336d81c902babd3d1a304fb09633b9896238711ef8f4429,no,yes,,,
Cycling in Champasak-27327853dddb48d59bb5cd6a44a40c2d,image,(none),428311,7d4a87731ae4d474ea448687a13651a6d1ff38ae17d092f4f84391b9b414ba89,no,yes,,,
Elephant Tad Lo,image,(none),422812,c4d570f0a823609e5abf74de675595362bed4fdfd841df8cf007e17df037e81c,no,yes,,,
Watphou temple-f12a6c3db9574bd9b04169157756d64b,image,(none),421872,a16910ce85b12fc2b5a6bf088c51bb9e5c6df4745b53685ebf2fb5f3ac9b4b26,no,yes,,,
ecole.png,image,.png,416506,fc669ac0e26cfe47cc36d2b002577a5d02f7a5fef3f778e1279fa76f4dc9a5e8,no,yes,,,
Tad Yuang-096e201cf4424e51ac51819a781df276,image,(none),412638,425dd9a941afb0e8e8dd66b02cd71beaa2a5f1af3e660fb59a690ab6d5076aa1,no,yes,,,
School,image,(none),410643,b87d6ab0c8d4484f914ccc0c7ca90b1781b59fd0842b7b7385bc6354c00ab480,no,yes,,,
Khonephapheng-2055488712c14fa39e56b4f3cce2cb13,image,(none),409995,018c5b7adb3e62e812cb50aebafbdaca66729d09fd3156302eb98323f8be32a6,no,yes,,,
4 days in the Southern Laos.pdf,document,.pdf,406226,82398d76103ac813765e5c2beed807ec8751538fc17aaf47188833ad733e7455,no,yes,,,
4 days tour.pdf,document,.pdf,403574,c7c7d64ddf3b6c9d504f725e30019fb6ff752fbd2255a78b8a4b596d75cd6a2f,no,yes,,,
Invoice (Evelyne) 1 Pax.pdf,document,.pdf,398086,e95c39753aa8f1e161863c04a5d36783c37c4e030bb26d6ad6b68a15695a6f54,yes,quarantine,,,
WPT bank account (USD).jpg,image,.jpg,395696,1c08641f95f54cab828ee06738a69e5ef405be701f458c49fe62f5314f67558a,yes,quarantine,,,
WPT bank account (USD)-77b9ee5dea1a4ca08327c2f115149b4b.jpg,image,.jpg,395696,1c08641f95f54cab828ee06738a69e5ef405be701f458c49fe62f5314f67558a,yes,quarantine,,,
School in Champasak,image,(none),393748,356dff209f908cac29fb906dd00c8ded0dc625e23346e5a4614e3d7593339bb0,no,yes,,,
Jungle.jpg,image,.jpg,392719,15a86d9daaa6c4da94f7c4003477366ac6252f20a6c7d6d3921fb370a1739f3a,no,yes,,,
DonKhone001.jpg,image,.jpg,391429,d8b0d456cec1ad0f93707fff632c1cd73623c62a95239ccdd5097923dfc601d6,no,yes,,,
Wat Luang temple in Pakse,image,(none),391093,bc82e0f97e2b99f6b2bbb40fde0354809cf3cd570c9a7613ff680bfec07a7f18,no,yes,,,
sunset 2.jpg,image,.jpg,390973,5b25d81c6f0a122a492ad7a765f12815dc6eae850f8c8731371ea821e52e582b,no,yes,,,
Trekking in Bolaven Plateau 3-6b8317de28944f8aae546f9925dbabad,image,(none),389566,84ca3ba4332709843fac48c5dd01a5cb3c5966c444fc31751ba55d8174f48d71,no,yes,,,
Volcano in Bolaven Plateau 4-db3f6fcb776d45fface9f8ec2665d0e4,image,(none),389235,169a1f84feb0f25c56e768e849ca633305bf7e5030a31007ec32cb135dc1842a,no,yes,,,
Le Panorama Rooftop in Pakse-6dd5cdf923004a60acf5e99a80a82229,image,(none),386476,6ad243b3fa2a78954e96435a4ae1f7a130fe3ab46ccc54bf6a6e5ea2d69c191e,no,yes,,,
IMG_20250826_094530.jpg,image,.jpg,385172,cef6ddd82655b2d96500e5aa3089b7e99262d74d163cacb62c0a18be0b869603,no,yes,,,
IMG_20250826_094530-8237cfaef8044063904d7b552604f920.jpg,image,.jpg,385172,cef6ddd82655b2d96500e5aa3089b7e99262d74d163cacb62c0a18be0b869603,no,yes,IMG_20250826_094530.jpg,,
Screenshot_20241029_143741_Hello bank!.jpg,image,.jpg,384369,696d154950822623b630791961f1c0dba6a5703a75c18d49145f96f9f7d2cb27,no,yes,,,
Screenshot_20241029_143741_Hello bank!-688af7beedd24605ae43f2081b45aaf2.jpg,image,.jpg,384369,696d154950822623b630791961f1c0dba6a5703a75c18d49145f96f9f7d2cb27,no,yes,Screenshot_20241029_143741_Hello bank!.jpg,,
DSCF0345.jpg,image,.jpg,382240,68bb3ed9cda5ee705a08da514128261c23c3bab08afc9c920d2e07189cf4243f,no,yes,,,
French locomotive,image,(none),381959,19e0359cfc6b7e2a58ae25228fa22ffd595006b6a1ecde4a5be12a921f5cde63,no,yes,,,
Ban Saphai weaving,image,(none),379683,3330f6efcb31e2908341d677eae1115d2ded25262228639e865e34a1ae9bcda1,no,yes,,,
Cycling in Champasak-ccb23549dd5b4ddea0a5a1e00c3b56b5,image,(none),364272,a2090e32820c171c41916ae604d18879cd64a2636913a30526b94bf8854a21ad,no,yes,,,
Fisherman in 4000 islands,image,(none),361315,a58320c83059dac16305d04bb3ecfb0e5c42892ebadd706ed6de5a3e6095bd80,no,yes,,,
Le Panorama-dab67f4ea698489cb578f7bd58ade2a0,image,(none),356503,63a71fd934b7faac93a2b81aa5844987df123efa4bc76f5e727cfb888f2da2ea,no,yes,,,
Buns at Pakse Burger 66,image,(none),347351,de2e3d8bd8298413548da3f69d0ee7286f6d1dd6ba4926c424622ff840ebc81d,no,yes,,,
Pakse Museum,image,(none),345359,9a550c5223d5f14fbbbb02ae819cca47ad174cf6ff1c052d16bcc63621d68a00,no,yes,,,
Fishing villager on 4000 islands,image,(none),344189,aff27bd0a754deac6c0ccdaa18cacc8560d5dffee330e0e41edac18ad37d7913,no,yes,,,
BOLAVEN 2 DAYS + 1 NIGHT-695ac5c9bd8d4f219e8d238f296eb892.pdf,document,.pdf,343074,28342a51a78362d603f4a0f4e999e2486556ac3639fbaeb4cc8285cf3fc6a98c,no,yes,,,
School in Champasak-86c47ac56c0c41a9835451b379267447,image,(none),340897,1cdbfb363cbd6f4c5591dd5bb0fe802946710e552c3ffb0ac7203d7c921f2996,no,yes,,,
BOLAVEN 2 DAYS + 1 NIGHT-3f4b829e3a824482a8f32a7257bb7334.pdf,document,.pdf,339679,3d32d808f399883988e6b5cbded8147c55d5be519c99b94713e1401a7a34861d,no,yes,,,
Help to Champasak,image,(none),337519,9cc50b4e0e2ac27a50c2e1057c960390e6761b27e38619d414dfae7960c4d27c,no,yes,,,
4000 islands-107fbeedb4754e388aba7fd70768a595,image,(none),336835,7ee9ae11cf7e4aa7a88047a3e08cc09aac7437f8e303cd66945209c1a03caf84,no,yes,,,
Do & Don't,image,(none),332735,fe7360ba78de13216db22dff4935a83f1206c39c6d4c66aef4a002350695d002,no,yes,,,
Nature.jpg,image,.jpg,326284,455d9730446e13a9af01f50733139e6d7bf97620d6fb528dc725b2e911e33f9f,no,yes,,,
Pakse hotel & Restaurant,image,(none),321028,00c247535e6f947f9c54d22b49187d236448d33cc9eb43cee6df255ecd5a17f3,no,yes,,,
Archipelago.jpg,image,.jpg,318477,175c80a4d22bd8dd9e8e70c880366f23f864eeccc745cf8aee485ff31b791c3a,no,yes,,,
Volcano in Bolaven-9a1c3babfafb4749b9c2d85c3c1cd076,image,(none),317567,fc84ef7ffdcf33c6a447560d1f1b38fb89367f679c76212833202d89e31ef136,no,yes,,,
Pakse hotel & Restaurant-6092a6566a85423793272438d371d068,image,(none),313907,9cc6bd1c9c1b3984e652dfbc8e80f363f6731e0cc269cf42d01cd2d65241c288,no,yes,,,
Pakse Hotel & Restaurant,image,(none),303268,3505e33c0fe942d1dfef68870c881111e7d5ed37f30e87c4e96a0bf79fbded44,no,yes,,,
Champasak handicraft,image,(none),301543,147d6f34a82b28801127b71ef8079d95f413ad1fc983f498e031ce1366b0bebf,no,yes,,,
Deposit Invoice group Mr Philippe Matis.pdf,document,.pdf,300649,29eba1a4125e97d8fdbb2b721e35bc4b9dbdbcda5fea72a1fad5caea9cdf128a,yes,quarantine,,,
BOLAVEN FULL DAY.pdf,document,.pdf,297004,3b6ef5e7ebcde9c6b5c145fb106cfe7a141c55f77d74d60b658f0ac87b97cebc,no,yes,,,
Fisherman.jpg,image,.jpg,296238,08c783197162ec522992e42266751f9da533df7ad5dad3f52c9aacb9cfac7278,no,yes,,,
Pork curry,image,(none),294122,be4eb9f6952b319145ffcdd5cb53d59a13c5de421e045e67176cf9a9ae9e1c9f,no,yes,,,
Deposit Invoice group Ashiwa.pdf,document,.pdf,293207,b4239b19fe4d8b406f55ef074096d5758fa13290f673401d187e8b5723372fa9,yes,quarantine,,,
Deposit Invoice group Bethany.pdf,document,.pdf,293188,8e634d5dbc2423126113a5ed065eff78b971dc19e6b39e2598780cfa4708287f,yes,quarantine,,,
Bicycle in Champasak-f77375216b794fb6a5ad762856cdff45,image,(none),293104,f4401e66b130006bd3eed66df3aff6bd0ab700b1128a4ba0b0d653424ce1f8b2,no,yes,,,
Rest payment Invoice group Mr Philippe Matis.pdf,document,.pdf,292580,86ef7d650e4c85c6ff1dad4e52073100785b316f58505a4aa4c6f4f3562817e0,yes,quarantine,,,
Deposit Invoice group Ashiwa-1c702bfc669e43fcbcd872271cc4f2cd.pdf,document,.pdf,291340,9687b999f2beed69472ffe554c578f8dbfa88afda8e701d7fd85fb0dea2b313b,yes,quarantine,,,
Trekking in Bolaven Plateau (Nong Lunag) 2,image,(none),290737,576d178c297a391a20f73f7d446b5ef9e709b9a3b723e689cfa4adf17ddfbf31,no,yes,,,
Payment group Bethany.pdf,document,.pdf,290629,8f72f30fcfa5543ef99502b8aec9d557241bcbb12b1760ccddbac562514591c4,yes,quarantine,,,
Car service 1,image,(none),289524,0960c7da94628452336ed838726c65e4e79207c13529ec5ff1e335231bd1dee4,no,yes,,,
Classic,image,(none),289473,7b463e0153689b0bb5a05f06f4537a2cf5eabe7c841caa9c262564eff9ddfdd4,no,yes,,,
etou.jpg,image,.jpg,288545,ee0f16096f7449151d848752f07c588e5f6d35d0debdd83c3e63b778332f325b,no,yes,,,
4000 ISLANDS FULL DAY.pdf,document,.pdf,286449,cef4ac1044b554afbf62e246550bf60627a68fa81b45337dffa1c65460ff1d16,no,yes,,,
Tad Fan (1).jpg,image,.jpg,285060,ef0d6aae282dbe28b71c6cd490d4f0080cd2aba3df57962e39e22cec08c84e0d,no,yes,,,
Tad Yuang waterfall 2-b1fb9417bb004c67adba80b2c9852bd6,image,(none),278723,5fe3cfa6e9f1622188c7697b2202b19721202b5afedfbab03daa659593e88bc4,no,yes,,,
Pork curry-8a66e80f81e942f7848377a306bbbd8f,image,(none),273983,2e25843179258bd191d111d7c2dd01ba75194ae017c416065572b72eeff6cf57,no,yes,,,
Day 4 Bolaven full day tour.pdf,document,.pdf,269278,cae920ffa9038419bcc8448fd33685c34a63e2dd871b6a3160b72baf8372fb30,no,yes,,,
Onion Ring,image,(none),268929,1b834b1b260d86a82a8ea3dad8b5b5da1d6e0ee26d7cecb7b60ec58baaa3151b,no,yes,,,
Regional-map_15-Beauties-of-Southern-Laos.jpg,image,.jpg,268918,9d0522e3ebd05dd441bae28312b4f020f5651cab0347d8c214eab7d740ff3f9b,no,yes,,,
Cheeseburger,image,(none),263398,6c396d08212fd0cb071625cf95dc759e7d2c300f5cc1e8e83e39f620d401823a,no,yes,,,
Night in Pakse city,image,(none),263156,88bf187f983cc392aafcce07f71ab764c510c166db5ded35b7e868bd181bb831,no,yes,,,
Invoice group Mr Christian CHENEL.pdf,document,.pdf,263150,8bb0b75bdb5003b96c152533827a41e3ea803cf77125e9085b5652f56bd9a4c8,yes,quarantine,,,
Noisettes,image,(none),262015,3db106757fb194efbc9b233f7b0117bc0540f508cc26881468b533579fa05774,no,yes,,,
Jhai coffee,image,(none),259239,61bbbac323e3fbb6496f788e3a7b8fc5ac7deec5dd4c99fa22474737b5626225,no,yes,,,
img_3421.jpg,image,.jpg,242624,ac329cf70087911cb601fb9a2f17b201a73561b322788fa310ede1390eb43c59,no,yes,,,
Day 3 4000 ISLANDS FULL DAY.pdf,document,.pdf,242255,9b22d2720c053e8bef937511328d3badf9e9afa1d503e173d512442d67207f44,no,yes,,,
Adventure.jpg,image,.jpg,241918,9c7ab53abd10bb519bb9265d849e9d8bf92f99318291d6a1d360c63647390d5a,no,yes,,,
champassak town.jpg,image,.jpg,240013,521459bbf0b9bf0c70078a9859cf411fd3199f9c3f96f75590faf6ca2fd7b070,no,yes,,,
Brewdog Punk IPA,image,(none),239722,1fd2b1b2120a52ae86c8b537fe5b7a9f1f876328b04da45d91b333e93e3192b5,no,yes,,,
University of Calgary to Champasak,image,(none),238192,7987e45af7778deb68adee82d7e61e57024ba91866a3ec54f273def28925b819,no,yes,,,
Day 2 Champasak full day tour.pdf,document,.pdf,236948,0d577ef179e5df3497f93f3e051c36a7d349cbe5fd4f586719919d68dd4b1ad3,no,yes,,,
Screenshot 2025-04-05 at 17.40.19.png,image,.png,234953,8ddcf13d0f933f53330e46d1d70e14f1d953b17d3c3e825c7c21bd4937e00028,no,yes,,,
WhatsApp Image 2025-05-13 at 11.17.32_0bf4e321.jpg,image,.jpg,233475,710a998dd32f70652ac57d29a2fd2074b9de35c8324b3c842c01510c24aec8b1,no,yes,,,
Trekking in Bolaven Plateau (Nong Lunag) 1,image,(none),231023,c04ed7ad74df32da2ca3ad69df142b7af886a8b86c997195b7fa77c8802db584,no,yes,,,
Deposit Invoice group Roddy Maciver.pdf,document,.pdf,230239,0e21142b6731493a84ab09615489457c2c988153e3ca4cfd2129911bcd7786ba,yes,quarantine,,,
Pakse Hotel & Restaurant-def37908f98847809a05baaef7d4344b,image,(none),230165,178a6ed031ca67a7f79f332807d773de4351f7d04cc2b8f2d6b1c2385591c2c7,no,yes,,,
Southern Laos map,image,(none),230156,1644517b2bbdff31e3565ba723b5478b4c314168f64b1596fe38d00e27c6987f,no,yes,,,
BAN SAPHAI.pdf,document,.pdf,229848,22cb28181b9e93bc6a3de4f44c43d479ebc86cbd3f15027f3db445b36ecfce4b,no,yes,,,
BOLAVEN VIEW 1.jpg,image,.jpg,228044,0e91e15b0214701f5fa1becee46821117268d77cf1a80618431c775d6a346fa5,no,yes,,,
VPC-huei-thamo-beach-1.jpg,image,.jpg,223984,a67df2224527d71c56460e17d8cac6fa25d831727023655a99e4b30d9b51a282,no,yes,,,
Office,image,(none),222025,ab77e12221947a7cbfe2370fb02794075eebab7f15e0cab775c5062fa7c2b01c,no,yes,,,
Duvel,image,(none),220123,0a3dc4abf89c558fab648376f6f4194b45b784cf25c6a716887208020c4120fc,no,yes,,,
Experience.jpg,image,.jpg,214909,f24556a4f106f8617114160653b5c762141b2c748bd0d83a70f033b2e6056fbc,no,yes,,,
Fabrics.jpg,image,.jpg,212834,7ff317a8b34726c7f70870764f63c99bec206ebe70bdcac93615ccb62d4e822a,no,yes,,,
Watphou Travels office,image,(none),209668,df0d216cbae25e9141cdce97f11dbe7af157604837b9444d0d0c789e8fadef3c,no,yes,,,
Budha stone,image,(none),207996,01e55fab528a9d89a3c778a7a54bc44984c33480eff6921444ec8f1a72e447f9,no,yes,,,
l8r9376-1200x800.jpg,image,.jpg,207461,0390ecdc252d523d1bee49b20061d96e27c787d075dfaea8f78841326dc5ca3d,no,yes,,,
vat chomphet.jpg,image,.jpg,203069,aed9d7e8947bfb9a9344fdcc3045a7e8a6b4eaf19e7c81023da491e3c2bb84b7,no,yes,,,
Tuk Tuk service,image,(none),202248,d3fd468c7166dbf596c86ea7c15583b073d5b62d993c09883e89601718d493e2,no,yes,,,
Student in Champasak,image,(none),200835,d47abf76b21611e510eb66116d85cd5b8f24fa99469c494111cd867cc45b1baa,no,yes,,,
School in 4000 islands,image,(none),199474,5f58c5ac10caf572f7d3096038b67a03b08e761ca6213ec2de50917fc0a6a8f1,no,yes,,,
VPC-staff-4-a1d2ceb8279843839240b98065c47660.jpg,image,.jpg,197616,e84238d359555dcf7a4cf2b69f9a84bf08d4502b3b0d9f52ff8b3fc7324e60fe,no,yes,,,
Bolaven_plateau_map_png.png,image,.png,195729,a6a623931dc97abaf30e745c8d22391909681ea6008ea7ddd4a45b076b9edb4c,no,yes,,,
VPC-huei-thamo-village-2_resize.jpg,image,.jpg,193559,e7195a6f3c44b098a416b3e7f9d4e85bab15684645d80087578d3a84ef620f4b,no,yes,,,
BOLAVEN VIEW 2.jpg,image,.jpg,191679,2070d6816cafe048b4f9d5b45df43bf83c303f52fac2cf1077584db874fec7e7,no,yes,,,
Locomotive,image,(none),189975,1477a35b0fc300c7cc1396f907d65bec2d1c0b1fdddb32d4ecf02743eb163472,no,yes,,,
Sunset.jpg,image,.jpg,189663,29f0e82d4e30ec6e0da288f0a71b62a47d8ede85c08d8c759b82059e3fafb35a,no,yes,,,
image.png,image,.png,187374,7e5e97bf021bdbf3be8dca67b4716170eb7488c91bfdfc0f85df8ec0a38ff007,no,yes,,,
image-35265df3e32d4815b0a40ca911245e26.png,image,.png,187374,7e5e97bf021bdbf3be8dca67b4716170eb7488c91bfdfc0f85df8ec0a38ff007,no,yes,image.png,,
Coffee.jpg,image,.jpg,184130,1ff3d855fe6a1b01bc477dc86fb8b4f114e726be5dffa4accd8304484a0eafbb,no,yes,,,
Tad Fan-0dca6540e6b543dcad813cb5b4b5a965,image,(none),182717,dd121573aae995ccfd60e442b6a3b60217dbe22eddca9ae9caddb08d4515bc84,no,yes,,,
Don Khon-50f3789d43d241ce82bda4a340a94814,image,(none),182100,8b614ba75c65f6da40f2ff90486091b99d119d2e29c807e74f2c38158ec175be,no,yes,,,
Deposit.jpg,image,.jpg,181972,4bda597e7e0b0ca290f59c1fb4401542d7ba618b4b34cbe103084ad46646679c,no,yes,,,
Coffee in Bolaven Plateau-3d53c9d5f1104ca1bd6afb9f15c7f780,image,(none),181830,b8c61a98643b68014f9fd7bf5957d8f4038e741ae1b28d81f0288110ae0072bf,no,yes,,,
img_3421_edited.jpg,image,.jpg,179028,2e771446bd5b3238de1d3c0a6e9bdbb239fa7d1f5e5a998413ad5e3d84d23130,no,yes,,,
VPC-interior-31.jpg,image,.jpg,176459,66fbf22b9ea945861dfbb732622f8e6bc548fd6c2de58d024bdd307b2e65a54b,no,yes,,,
forWatPhouTravels.png,image,.png,173868,eca816658649c7ed89388420a3d404c5f0ff748ea51ac7b35c7130788194c098,no,yes,,,
forWatPhouTravels-36597426494648dd9a3d60616e734d47.png,image,.png,173868,eca816658649c7ed89388420a3d404c5f0ff748ea51ac7b35c7130788194c098,no,yes,forWatPhouTravels.png,,
Tour office.jpeg,image,.jpeg,170868,f6dc08f2e52bc4f5ef779826c7491278ac80102a900f37f308f73dfbac115218,no,yes,,,
Fisherman-84b1049a16f047068afd205212bc0e7a,image,(none),170206,8a78a141579984532f93674a341f0354a1f86ad4de572e56a8dea48833f9be1b,no,yes,,,
Old railway bridge,image,(none),167797,27d3102c8393e85f39be0ca734273383c6783511cb47c611e4540fddce5acf58,no,yes,,,
VPC-lunch-4.jpg,image,.jpg,166756,960ddd365edb3e07c6e956a33c4e5a5b52165a5f095933ca0ddaa4141bdf8cd6,no,yes,,,
Old railway bridge-ea45ab3e8f01476b97a20f8dc7f4685f,image,(none),165789,9847dfb23f3e5d476cf5fb591d4a5bceed97b5c3a3faf3643ac79abfe03cfcae,no,yes,,,
Golden Buddha in Pakse,image,(none),162786,da873ae8872fe53e78f651c08428d7d2e82a12a03fe04bf211105f598141a905,no,yes,,,
Fisherman in 4000 islands-711067b5d410482ba4b8972e747d053c,image,(none),158584,f6dffb28ab84ea0349f478c70c10f58773b5c76101722ee0fb7e22be24468b46,no,yes,,,
VPC-lunch-2.jpg,image,.jpg,158212,fc74a7e80f3905bc07ae6999a4a9e69e24e46426f052147324a2b0caa9d810aa,no,yes,,,
dinner.jpg,image,.jpg,156685,297d7b65cb9a7d3a171619608f2608312c394b4777f09de6fffe3e67a2ed29c2,no,yes,,,
VPC-champasak-steet-life-4.jpg,image,.jpg,155998,709eba809a71b62dfe0a1a6a4d6e4708ae2dbc7a47c69a0e9c2ee4fe60dbed78,no,yes,,,
VPC-khong-pha-pheng-waterfall-4.jpg,image,.jpg,154807,93cb17f29c22b3084e977a99d0968399c05eb06530e611d20e0c2e4a4ae80857,no,yes,,,
Beauties-of-Southern-Laos-18-10-2015.pdf,document,.pdf,153678,362c90c45225dc951618d8deae99943c5fde30f339e0a84218df56f6e66a6528,no,yes,,,
Sunset in 4000 islands,image,(none),153642,6e7641138e851597ba7f0fdc01a92ae2fa67f972b4621eedf4e0bd37e2488e7d,no,yes,,,
VPC-Boat-6.jpg,image,.jpg,153103,e2c9079afd0de612641cfe723e81f4a45db3e5cccb619358b1f21648b4bf0284,no,yes,,,
Car service,image,(none),152878,06dccf5abe75d1ac2f9e68156dbd9f2a56cd59e6d35464f56744fa849b367724,no,yes,,,
VPC-Boat-3.jpg,image,.jpg,144371,5f279ae588707026239bd7a95284626487989f2cfc9bdaddaff23cff2d0580b8,no,yes,,,
Phou Salao in Pakse-c6bbf9af7a6e43299c3de42bee734125,image,(none),142668,f9e73e9c6543b61c32b9dbf89b0c4e6660b8f2be850ec27a8afcc085ea06407e,no,yes,,,
pha-suam-2-1200x800.jpg,image,.jpg,142499,fa3f914ad16ed7148e67869553b8c3aacba391bd798ffe7ae108cd1cf6c0d95d,no,yes,,,
VPC-vat-phou-temple-31.jpg,image,.jpg,141810,4f21b9c48669d0f26684824167dd736f2002eab8d7f014c221685a1f5b8e552c,no,yes,,,
S__5677103 Vunyl Flooring packed.jpg,image,.jpg,140153,b2df20bc667f7c81232f0b064bffaf220aeb8379900c763065bfb4a584cb4f52,no,yes,,,
Pakse Museum-4a9a90e9a2d1471c9307cacf3e34bb7d,image,(none),140077,aaf00397f39ebb344e5db7e90c9cacccb601aa5de5e689aea0e148199d3ec355,no,yes,,,
tiger car.jpg,image,.jpg,138638,fe26103460c37aa31d7ec13edcb0d1ef0b92971f4ceb88b0bb654bda41726ae0,no,yes,,,
Boat cruise in 4000 islands,image,(none),133431,b2138aa4461882bcb0d40a32be5bcdbc5608f53c75037788cf6074d15a481a5f,no,yes,,,
VPC-lunch-7.jpg,image,.jpg,132202,b075fb55be355a442a7e08f628400345202a746f735b065c988320d43a8a1376,no,yes,,,
VPC-Boat-7.jpg,image,.jpg,130804,f0e192bfc9fd99bad6ee9b850ad7805b90573b41526e789ea2dd2f37e1554106,no,yes,,,
TIMELINE-Bhalfday.pdf,document,.pdf,127159,f6131c3f4577a2660f81369102553d44e4ae4ea924e37744a1c861bf61fffe0c,no,yes,,,
Inside office (1).jpeg,image,.jpeg,126809,5fc025d2a0006485ba20fc7b9a111393f323d95735458d0013c19857c12caf1d,no,yes,,,
11235280_413938522131828_4293272789807744473_n.jpg,image,.jpg,124639,4507a1808951e06ac3c6f7eefe480ff66537a593b0d867dbe07d9df183f093e1,no,yes,,,
scenic-market-1 pakse.jpg,image,.jpg,124382,ca1739123097170ae93fc7250eacfac4158ed7145e1bed4db0b20ee51a2918a9,no,yes,,,
scenic-market-1 pakse-0f3ad307a31b49408ecd39f08e95f9be.jpg,image,.jpg,124382,ca1739123097170ae93fc7250eacfac4158ed7145e1bed4db0b20ee51a2918a9,no,yes,scenic-market-1 pakse.jpg,,
Logo of WPT,image,(none),123725,f03b884341fe3b3c40d509958ebaa919a52ec07d65c863cabcc5212feacf3b9a,no,yes,,,
Le Panorama-0fc55b8238ca42859faf7c4640fcc868,image,(none),121288,72f0b2dd4f89d31265d63e76c0765c430ffaa139d3a0bcabdf8187552c967263,no,yes,,,
Timeline-4000islands1N2D.pdf,document,.pdf,120869,8e37aaa5b2b9366682e0a532e78928759c476c76b58e2ad18de47369e5c49269,no,yes,,,
Cocktail at Le Panorama Rooftop,image,(none),115665,c45276d7b7138a06373aaf1e528df8aa8f2e8f59c7ce4418d2d50ee17b4027ff,no,yes,,,
University of Calgary to Champasak-03d2948b8ca047739a5bfe761fff938e,image,(none),114817,db24555c153e0d41488852e844bce72e599cffce43a5adedf2e217c02f8fed1a,no,yes,,,
VPC-Ban-Dua-Tae-8.jpg,image,.jpg,112440,727d0c1146df75d6f88c3790b7d2a48ef4b5c14352057677d15a4da7a69cab01,no,yes,,,
VPC-Boat-9-ac5b79f363914ab0b470afc840469093.jpg,image,.jpg,111982,f6a05271b1910cd462b80d96ec6377be57acdac7b2d306be7e547c4a65c1f0cf,no,yes,,,
VPC-lunch-3.jpg,image,.jpg,111437,c9190aa1cf27bf0f46cd0b3650255fb91e8eac1399bb020e793e7da98b3e9104,no,yes,,,
New logo WPT.jpg,image,.jpg,111278,27b7039658e169779483bca38f5716b963952d8f722df012149f357d6c5f4841,no,yes,,,
Puppet theater,image,(none),109825,6a2c1d3127400b45ebec2ccbf9f301b8356e1749e338dfc4a377d0b55930bf92,no,yes,,,
Pakse hotel.jpg,image,.jpg,107859,aa1333a0e89c231a7cf5d2219da3e0f38db3e2fb7574915448c18e3ec5722236,no,yes,,,
WPT new logo 2019.png,image,.png,106527,4aedbede9019ce17bd9a23162e0d6a6684e5b031d94bffd6583875022a19eb52,no,yes,,,
Don daeng island.jpg,image,.jpg,104370,dbbbff795d4f39725d6ba4872f29da381c6328c229a85454fece3180fff74f65,no,yes,,,
Timeline-WPhalf.pdf,document,.pdf,103705,aebd1581e0c652730e8862f25dc99e492d7e5441853ffbfc49da8d34537125a8,no,yes,,,
VAT-PHOU-CRUISE-HD-301000.jpg,image,.jpg,103536,5ed0a079cc9360eeb76b0f3bf388e1f9ce83c10fd0d0d0a6003cbfdbd60f16c8,no,yes,,,
VAT-PHOU-CRUISE-HD-301000-77d32d4cb10a4266b8f6bc6fe5601b83.jpg,image,.jpg,103536,5ed0a079cc9360eeb76b0f3bf388e1f9ce83c10fd0d0d0a6003cbfdbd60f16c8,no,yes,VAT-PHOU-CRUISE-HD-301000.jpg,,
Bolaven_Plateau_coffee.jpg,image,.jpg,102802,86eb7d30e3b53fbd135f48c344bf906dbf8515ec13a304458510ab5708dc465d,no,yes,,,
Logo WPT,image,(none),102487,7540e94221a097762401bbbc4f0a38f6c087d889fbfc23bee5936da59001b819,no,yes,,,
new logo WPT trsp (1).png,image,.png,102164,0cd8e151411109f257887e119b09dcf83ca54d0be5d6a4ffe2b5248e11999dc4,no,yes,,,
new logo WPT trsp.png,image,.png,102164,0cd8e151411109f257887e119b09dcf83ca54d0be5d6a4ffe2b5248e11999dc4,no,yes,new logo WPT trsp (1).png,,
LE PANORAMA 2.jpg,image,.jpg,100232,1389aeba1e685cd8e090b335b13d63caa76395c556c77c85eef4c9eb37021186,no,yes,,,
trekking watphou.jpg,image,.jpg,97443,e684ccd9ca0054cc6e928db63c47c0ede86fb406d53c18eeca28b05495e17b20,no,yes,,,
VPC-huei-thamo-beach-7.jpg,image,.jpg,96305,412f14aafb1ecada13e8a58a7a82ca85644f8e854c97b45a98bc8242a7753e52,no,yes,,,
Coffee & tea at Mme South shop,image,(none),90227,b3c1b7fc2893dde818976e71c462856484a2ddb20d737f3a2829b1fc68a3f7c9,no,yes,,,
Timeline-4000islandsfullday-copie.pdf,document,.pdf,87560,9f7e80e323f25430d19d296b30cdc213c7f07946af1bb7e0f60e7ab2d3b0cdfe,no,yes,,,
hat sai koune.jpg,image,.jpg,85923,505fa844adfe7037e23e7739bed15c3d095ce8f3295677e3050ca850b41d49a0,no,yes,,,
Invoice group Anjana 1 pax Dec - 25.doc,document,.doc,82432,b1bd9b31b4324b13ee316182fc7babde1f78a6370794dc6be35a3f27d71b73fc,yes,quarantine,,,
VPC-breakfast-3.jpg,image,.jpg,81568,bbd10765e8c4eaba61e1e9062a730a781d93ebc2a6be90d06c12eaef19d05a4f,no,yes,,,
Le Panorama-bfd2e8549e2e428bb8b4b3b67f28be85,image,(none),81430,717faf5950e6168c37643be2ade8e4a9358ea9609b4fc3700251d8113f8a0d46,no,yes,,,
IBAN.jpeg,image,.jpeg,81384,57d4b39499893d2b09f0c7d785946f5da90ec251d051573918552cce36d4a4c3,no,yes,,,
IBAN-3defa33db2ae4a47b4a23e300fcd7e90.jpeg,image,.jpeg,81384,57d4b39499893d2b09f0c7d785946f5da90ec251d051573918552cce36d4a4c3,no,yes,IBAN.jpeg,,
IBAN (WPT).jpeg,image,.jpeg,81384,57d4b39499893d2b09f0c7d785946f5da90ec251d051573918552cce36d4a4c3,no,yes,IBAN.jpeg,,
Stone Carving in Wat Chomphet,image,(none),81225,f96cf27e0812bbf768cb1521710aaed7aa263869feac2e7a15ce944b69bf1f2a,no,yes,,,
bnp-vir-ZZ1H61QLXVCB5IQ2G.jpg,image,.jpg,79580,146919f588344894e439ae7f19258830313317ea97d8a7ae295e5327374bff06,no,yes,,,
bnp-vir-ZZ1H61QLXVCB5IQ2G-89748e70c4f04dff9f0e8729ab7e4dd5.jpg,image,.jpg,79580,146919f588344894e439ae7f19258830313317ea97d8a7ae295e5327374bff06,no,yes,bnp-vir-ZZ1H61QLXVCB5IQ2G.jpg,,
14517561_560786364113709_2000397126932693036_n.jpg,image,.jpg,78625,7baa936851d60e7f35722656dd5c6869853aff86604e9372dd8f0dbac1bd5cc2,no,yes,,,
stone-carver.jpg,image,.jpg,72008,21d4ae29e0b44c43636e488f433d70ab0eea57d2ed2338e5a9e715f288bbf748,no,yes,,,
seng-ahloune-guest-house.jpg,image,.jpg,70982,7105bf913633ec443fc9bfecac0748fcc3919a7d5d0008d81010a8ecfcc11a07,no,yes,,,
Sunset in 4000 islands-bcec615d639b48078b28dce880cde4c7,image,(none),69855,1a656c203eb170d3b35ae94716d88180dd3fdef80ca19a45dd6a8765e7f1ad12,no,yes,,,
new logo WPT.jpg,image,.jpg,65242,5a4f27e4505ed1a57f5fab580ecc5f1f8ebe7d14f839c5f621fab1f18ae46d2a,no,yes,,,
payment.jpeg,image,.jpeg,64298,d53b7e0472a9d10ce8e37c4aa1598cf8e7086f2b209ba1c619490606a6ce2a8b,no,yes,,,
Compter sur demain.jpg,image,.jpg,63305,57cedc3b702dc5baaac93cfd2546e2eb41a3c2fcacffd56e5f5af94e2dd0cb99,no,yes,,,
Charge details.jpeg,image,.jpeg,61669,6f11be51403354a50f9832ca73fd29655fb28a663baff3402977050ee441b302,no,yes,,,
Phou Assa-c53dac1d99d84e65bc4f164859b83b7d,image,(none),60667,11199ba572f60c73b82385bd9950c0e08cb5366e9b51aa3e45e3c387cefca620,no,yes,,,
11174824_387174898141524_2038396251948066244_n.jpg,image,.jpg,59143,821ac4200dfd99684768cdae22926c7524a984569e8dbd9d2eccc123700907b5,no,yes,,,
explore-the-4000-islands.jpg,image,.jpg,58855,96cd761cca58ab7c0db704c9f9686b6b5dee1584a0368fc2f65335b3301ffeff,no,yes,,,
la-folie-lodge.jpg,image,.jpg,56610,f009d7ecbfd6f2c9396665923567e0acfa54802afb548a173eb9202fc2389807,no,yes,,,
logo WPT21 white transp.png,image,.png,56505,1400af943b34be3b903f9c08348ffae27da84f060496d13ed9774596698d9df9,no,yes,,,
Pakse burger 66,image,(none),50910,22286864d8ed42e0f7b83d24e534897c3d39bffc82e7277c975c98a24e140957,no,yes,,,
tad yuang (1).jpg,image,.jpg,50582,6f8b0c1b22504d9d5e4cdd4ca4b2654c7643d875f9037c602df9b5adf869f339,no,yes,,,
vat-muang-kang-19th-century.jpg,image,.jpg,49148,d4c84d2f1ab42c74c33e7ec4fbf1a0e20a92813935422ca134649bd5d22beee0,no,yes,,,
Logo,image,(none),40664,c6086c5adbce635101ff9f98e98d816f42052385e963e8d298e56a5c412d2c4b,no,yes,,,
tad champi.jpg,image,.jpg,40573,0034168e91927bddb3dcfe60c3e699b6a6f800e5acd33c61d48a3266f47d6758,no,yes,,,
marie.jpg,image,.jpg,38534,013582280f7a7f8d30fdf60f64d3fa42fb468f3fbb8af14741fe9c0ca6d9ddba,no,yes,,,
bank details in $.jpg,image,.jpg,35911,6de19308133c1168ce1518b364f931d31a98e4b8d39bf18777e519321ed0bdf1,no,yes,,,
bank details in $-9539abb2cc744335b723cddf8f2b7987.jpg,image,.jpg,35911,6de19308133c1168ce1518b364f931d31a98e4b8d39bf18777e519321ed0bdf1,no,yes,bank details in $.jpg,,
Watphou Travels review on Google Map.png,image,.png,32029,6d8a5f22d03b53f0b994f7e781a4e80c1b0425cc921230255d71bc25ea156d0a,no,yes,,,
53137538_526068987882813_2869739749520703488_n.jpg,image,.jpg,27122,d4c46f464917832a7f14b66cb70533f61e78a2671804c6987c513beb36494cee,no,yes,,,
Instagram.jpg,image,.jpg,18901,ebb6e1c03ac42d64ee7aa4d14eb75a3aad3f61c309955a9485c5858a164d4117,no,yes,,,
Le Panorama logo,image,(none),15963,2547fed8a60ba028de42bf17895fc16a31b0a9e59b2fd25c511f2ce4fbc5dd2e,no,yes,,,
Fisherman in 4000 islands-ebe91cf1ad714c8c8f27c726ee032aa9,image,(none),13180,f85339826dab27a91d37ab569ce264a7ec8d16cef3d50068ec123bc49c163ce9,no,yes,,,
tripadvisor.jpg,image,.jpg,11087,3445855d242c0813c2f72d342c634a446a253e54dd416ba7792da0315e24c5ed,no,yes,,,
Laos 25.xlsx,document,.xlsx,9734,5378ad62befc307114d5a91662c895abba44abc51910d3d6d92b5cf7e6cb2b13,no,yes,,,
southern laos logo.png,image,.png,8758,c3646bc4a432d6977d32d9330d06339324af5e41a02441f341ddf4ce412a7998,no,yes,,,
Pakse hotel Logo.jpg,image,.jpg,8652,44ab9fc673c7b1e233f9739e604d95a9aa3c72a79334891e68042a8d73f2c3b1,no,yes,,,
LAO FLAG.png,image,.png,5478,740ecd819a3b2e16f9805b17b3ec446fe7f261ff52a34023a5c8bad7e7de58d2,no,yes,,,
image001.jpg,image,.jpg,823,cb0628092ddea96bb040221b5c793dbbb792a67d0621bdfba170c07374d85801,no,yes,,,
~WRD0002.jpg,image,.jpg,823,cb0628092ddea96bb040221b5c793dbbb792a67d0621bdfba170c07374d85801,no,yes,image001.jpg,,
~WRD0000.jpg,image,.jpg,823,cb0628092ddea96bb040221b5c793dbbb792a67d0621bdfba170c07374d85801,no,yes,image001.jpg,,
image001-63f33ade33f04b03a09d76c7d3fea477.jpg,image,.jpg,823,cb0628092ddea96bb040221b5c793dbbb792a67d0621bdfba170c07374d85801,no,yes,image001.jpg,,
~WRD0002-84ebfb3f924243f2a7b1812d1656ca7f.jpg,image,.jpg,823,cb0628092ddea96bb040221b5c793dbbb792a67d0621bdfba170c07374d85801,no,yes,image001.jpg,,
~WRD0000-4bb869536cdb49a5ac9c370b49a536c9.jpg,image,.jpg,823,cb0628092ddea96bb040221b5c793dbbb792a67d0621bdfba170c07374d85801,no,yes,image001.jpg,,
~WRD0000-ecdd22b6358b4f53820078bb02ba479e.jpg,image,.jpg,823,cb0628092ddea96bb040221b5c793dbbb792a67d0621bdfba170c07374d85801,no,yes,image001.jpg,,
blocked.gif,image,.gif,118,2af4c22b4490d9a598a3fee3b49d3f898feefb4cb6918f58b68a3d815439e9a8,no,yes,,,
